customer_id,customer_name,email,city,state,country,signup_date,segment
1,Meera Mehta,meera.mehta760@outlook.com,Bangalore,Karnataka,India,2023-02-17,New
2,Yash Das,yash.das605@hotmail.com,Kolkata,West Bengal,India,2020-03-23,New
3,Rajesh Mehta,rajesh.mehta575@yahoo.com,Dehradun,Uttarakhand,India,2022-01-21,Regular
4,Sandeep Malhotra,sandeep.malhotra285@gmail.com,Hyderabad,Telangana,India,2022-11-30,Regular
5,Sunita Singh,sunita.singh221@outlook.com,Nagpur,Maharashtra,India,2019-07-18,Regular
6,Vivek Bansal,vivek.bansal271@gmail.com,Coimbatore,Tamil Nadu,India,2019-09-13,VIP
7,Nikhil Das,nikhil.das566@outlook.com,Guwahati,Assam,India,2023-12-19,VIP
8,Abhishek Patel,abhishek.patel722@gmail.com,Pune,Maharashtra,India,2023-05-03,New
9,Ananya Bhatt,ananya.bhatt239@gmail.com,Indore,Madhya Pradesh,India,2022-07-25,VIP
10,Suresh Menon,suresh.menon364@yahoo.com,Dehradun,Uttarakhand,India,2024-04-02,Regular
11,Vikram Bansal,vikram.bansal651@yahoo.com,Pune,Maharashtra,India,2019-12-01,Regular
12,Sunita Ghosh,sunita.ghosh656@yahoo.com,Gurugram,Haryana,India,2023-05-09,New
13,Rohan Yadav,rohan.yadav324@hotmail.com,Ahmedabad,Gujarat,India,2024-02-14,VIP
14,Sanjay Patel,sanjay.patel672@hotmail.com,Bhubaneswar,Odisha,India,2021-07-28,New
15,Aditya Joshi,aditya.joshi763@outlook.com,Surat,Gujarat,India,2024-01-13,Regular
16,Shreya Joshi,shreya.joshi142@hotmail.com,Delhi,Delhi,India,2023-10-30,New
17,Suresh Yadav,suresh.yadav697@hotmail.com,Nagpur,Maharashtra,India,2021-02-20,Regular
18,Swati Khan,swati.khan258@gmail.com,Chennai,Tamil Nadu,India,2022-10-28,VIP
19,Sunita Mishra,sunita.mishra657@outlook.com,Surat,Gujarat,India,2019-11-20,Regular
20,Ravi Khan,ravi.khan781@yahoo.com,Chennai,Tamil Nadu,India,2023-11-18,Regular
21,Mohit Bansal,mohit.bansal204@yahoo.com,Hyderabad,Telangana,India,2022-01-09,VIP
22,Ishita Ghosh,ishita.ghosh1@outlook.com,Chennai,Tamil Nadu,India,2024-03-17,Regular
23,Deepika Joshi,deepika.joshi60@yahoo.com,Kolkata,West Bengal,India,2019-06-25,Regular
24,Vikram Mishra,vikram.mishra546@yahoo.com,Patna,Bihar,India,2024-04-23,Regular
25,Ravi Khan,ravi.khan894@hotmail.com,Coimbatore,Tamil Nadu,India,2023-03-27,Regular
26,Rahul Kapoor,rahul.kapoor320@hotmail.com,Bhubaneswar,Odisha,India,2021-02-03,Regular
27,Ishita Tiwari,ishita.tiwari124@yahoo.com,Kochi,Kerala,India,2019-02-13,Regular
28,Manish Malhotra,manish.malhotra226@gmail.com,Bhubaneswar,Odisha,India,2019-05-01,New
29,Rohan Bhatt,rohan.bhatt339@gmail.com,Jaipur,Rajasthan,India,2022-10-02,Regular
30,Yash Singh,yash.singh741@hotmail.com,Patna,Bihar,India,2023-07-12,Regular
31,Karan Iyer,karan.iyer675@hotmail.com,Surat,Gujarat,India,2021-08-14,VIP
32,Sneha Desai,sneha.desai670@gmail.com,Noida,Uttar Pradesh,India,2020-11-25,VIP
33,Karan Joshi,karan.joshi197@yahoo.com,Bangalore,Karnataka,India,2021-05-14,New
34,Swati Joshi,swati.joshi896@gmail.com,Coimbatore,Tamil Nadu,India,2019-07-20,New
35,Yash Chauhan,yash.chauhan16@gmail.com,Pune,Maharashtra,India,2019-12-07,Regular
36,Harsh Patel,harsh.patel886@hotmail.com,Hyderabad,Telangana,India,2021-02-15,New
37,Nikhil Kumar,nikhil.kumar949@hotmail.com,Dehradun,Uttarakhand,India,2024-05-14,Regular
38,Komal Desai,komal.desai736@hotmail.com,Lucknow,Uttar Pradesh,India,2020-03-21,VIP
39,Nidhi Saxena,nidhi.saxena556@gmail.com,Delhi,Delhi,India,2019-04-13,Regular
40,Mohit Ghosh,mohit.ghosh874@yahoo.com,Chandigarh,Punjab,India,2019-06-14,VIP
41,Vikram Bansal,vikram.bansal70@yahoo.com,Visakhapatnam,Andhra Pradesh,India,2020-05-19,Regular
42,Rohan Bansal,rohan.bansal84@hotmail.com,Visakhapatnam,Andhra Pradesh,India,2021-12-06,New
43,Ravi Patel,ravi.patel686@outlook.com,Nagpur,Maharashtra,India,2019-09-26,Regular
44,Deepika Tiwari,komal.desai736@hotmail.com,Visakhapatnam,Andhra Pradesh,India,2019-07-24,New
45,Pooja Khan,pooja.khan272@yahoo.com,Kolkata,West Bengal,India,2023-12-06,New
46,Amit Nair,amit.nair449@outlook.com,Bhubaneswar,Odisha,India,2021-12-19,New
47,Komal Reddy,komal.reddy955@gmail.com,Bangalore,Karnataka,India,2020-06-25,New
48,Karan Saxena,karan.saxena567@yahoo.com,Guwahati,Assam,India,2020-03-07,Regular
49,Pooja Desai,pooja.desai650@outlook.com,Jaipur,Rajasthan,India,2024-01-29,VIP
50,Sneha Das,sneha.das650@hotmail.com,Delhi,Delhi,India,2019-01-08,New
51,Aditya Pillai,aditya.pillai269@yahoo.com,Coimbatore,Tamil Nadu,India,2022-12-16,Regular
52,Arjun Iyer,arjun.iyer78@yahoo.com,Bhopal,Madhya Pradesh,India,2022-04-07,Regular
53,Ritika Singh,ritika.singh43@outlook.com,Delhi,Delhi,India,2024-01-15,Regular
54,Neha Desai,neha.desai106@outlook.com,Surat,Gujarat,India,2024-06-17,Regular
55,Divya Ghosh,divya.ghosh953@yahoo.com,Hyderabad,Telangana,India,2023-12-11,Regular
56,Kavya Saxena,kavya.saxena947@outlook.com,Surat,Gujarat,India,2023-07-01,Regular
57,Neha Kumar,neha.kumar164@gmail.com,Delhi,Delhi,India,2023-10-25,Regular
58,Rahul Chauhan,rahul.chauhan941@hotmail.com,Pune,Maharashtra,India,2020-04-01,New
59,Rahul Gupta,rahul.gupta337@outlook.com,Gurugram,Haryana,India,2020-07-25,Regular
60,Mohit Gupta,mohit.gupta696@outlook.com,Chennai,Tamil Nadu,India,2023-12-02,VIP
61,Kavya Malhotra,kavya.malhotra986@outlook.com,Guwahati,Assam,India,2021-06-08,New
62,Sanjay Verma,sanjay.verma621@gmail.com,Visakhapatnam,Andhra Pradesh,India,2020-01-25,New
63,Ritika Mehta,ritika.mehta533@yahoo.com,Kolkata,West Bengal,India,2024-04-27,Regular
64,Anjali Bansal,anjali.bansal322@gmail.com,Lucknow,Uttar Pradesh,India,2021-11-04,New
65,Gaurav Rao,gaurav.rao413@outlook.com,Ahmedabad,Gujarat,India,2021-05-11,Regular
66,Nikhil Desai,nikhil.desai767@yahoo.com,Lucknow,Uttar Pradesh,India,2021-04-11,Regular
67,Arjun Reddy,arjun.reddy294@yahoo.com,Visakhapatnam,Andhra Pradesh,India,2022-05-27,Regular
68,Swati Tiwari,swati.tiwari453@yahoo.com,Noida,Uttar Pradesh,India,2019-12-14,Regular
69,Amit Khan,amit.khan680@outlook.com,Gurugram,Haryana,India,2020-04-26,Regular
70,Manish Yadav,manish.yadav204@yahoo.com,Pune,Maharashtra,India,2021-08-31,Regular
71,Vikram Tiwari,vikram.tiwari425@yahoo.com,Nagpur,Maharashtra,India,2021-10-09,Regular
72,Divya Pillai,divya.pillai705@gmail.com,Gurugram,Haryana,India,2023-12-19,New
73,Ritika Joshi,ritika.joshi181@hotmail.com,Pune,Maharashtra,India,2024-02-22,VIP
74,Swati Singh,swati.singh821@hotmail.com,Coimbatore,Tamil Nadu,India,2022-05-04,New
75,Sandeep Bansal,sandeep.bansal835@hotmail.com,Coimbatore,Tamil Nadu,India,2021-07-02,VIP
76,Harsh Tiwari,harsh.tiwari266@yahoo.com,Jaipur,Rajasthan,India,2023-04-18,Regular
77,Tanvi Pillai,tanvi.pillai245@outlook.com,Dehradun,Uttarakhand,India,2020-08-08,New
78,Anjali Rao,anjali.rao915@gmail.com,Pune,Maharashtra,India,2021-02-23,Regular
79,Pooja Das,pooja.das425@hotmail.com,Indore,Madhya Pradesh,India,2021-05-01,New
80,Gaurav Gupta,gaurav.gupta927@gmail.com,Gurugram,Haryana,India,2022-03-25,Regular
81,Arjun Menon,arjun.menon306@hotmail.com,Surat,Gujarat,India,2022-01-07,Regular
82,Yash Yadav,yash.yadav618@yahoo.com,Jaipur,Rajasthan,India,2021-06-11,Regular
83,Nikhil Rao,nikhil.rao685@hotmail.com,Indore,Madhya Pradesh,India,2024-02-27,New
84,Sakshi Chopra,sakshi.chopra28@hotmail.com,Ranchi,Jharkhand,India,2019-02-25,New
85,Ritika Singh,ritika.singh888@hotmail.com,Jaipur,Rajasthan,India,2021-02-15,New
86,Swati Rao,swati.rao346@hotmail.com,Surat,Gujarat,India,2020-05-31,VIP
87,Harsh Mehta,harsh.mehta768@gmail.com,Bhopal,Madhya Pradesh,India,2020-04-04,Regular
88,Rohan Mishra,rohan.mishra32@yahoo.com,Mumbai,Maharashtra,India,2022-06-26,New
89,Aditya Agarwal,aditya.agarwal686@gmail.com,Ahmedabad,Gujarat,India,2021-08-10,Regular
90,Shreya Nair,shreya.nair621@gmail.com,Hyderabad,Telangana,India,2024-05-29,New
91,Nidhi Mehta,nidhi.mehta952@outlook.com,Nagpur,Maharashtra,India,2021-03-23,VIP
92,Rahul Das,rahul.das607@yahoo.com,Gurugram,Haryana,India,2020-09-09,VIP
93,Rajesh Yadav,rajesh.yadav124@gmail.com,Surat,Gujarat,India,2022-09-16,Regular
94,Mohit Pillai,mohit.pillai350@gmail.com,Patna,Bihar,India,2019-08-05,Regular
95,Shreya Pillai,shreya.pillai913@hotmail.com,Surat,Gujarat,India,2019-12-27,Regular
96,Sunita Bansal,sunita.bansal828@hotmail.com,Noida,Uttar Pradesh,India,2022-04-28,New
97,Neha Chauhan,neha.chauhan958@gmail.com,Indore,Madhya Pradesh,India,2020-05-14,Regular
98,Abhishek Bansal,abhishek.bansal685@hotmail.com,Patna,Bihar,India,2023-10-09,New
99,Tanvi Patel,tanvi.patel364@outlook.com,Guwahati,Assam,India,2022-12-07,VIP
100,Komal Mehta,komal.mehta530@yahoo.com,Noida,Uttar Pradesh,India,2021-04-12,Regular
101,Neha Kapoor,neha.kapoor488@hotmail.com,Mumbai,Maharashtra,India,2019-07-10,New
102,Pallavi Kapoor,pallavi.kapoor250@outlook.com,Bhopal,Madhya Pradesh,India,2021-08-27,Regular
103,Vivek Verma,vivek.verma764@outlook.com,Indore,Madhya Pradesh,India,2020-07-08,New
104,Manish Iyer,manish.iyer739@yahoo.com,Noida,Uttar Pradesh,India,2022-01-02,VIP
105,Kavya Patel,kavya.patel222@hotmail.com,Visakhapatnam,Andhra Pradesh,India,2024-06-23,Regular
106,Rajesh Reddy,rajesh.reddy103@yahoo.com,Bhopal,Madhya Pradesh,India,2020-01-03,New
107,Yash Singh,yash.singh281@gmail.com,Coimbatore,Tamil Nadu,India,2020-08-21,Regular
108,Aditya Pillai,aditya.pillai890@hotmail.com,Mumbai,Maharashtra,India,2022-03-21,New
109,Harsh Tiwari,harsh.tiwari349@yahoo.com,Jaipur,Rajasthan,India,2024-04-11,VIP
110,Meera Chauhan,meera.chauhan67@hotmail.com,Visakhapatnam,Andhra Pradesh,India,2022-07-13,Regular
111,Divya Singh,divya.singh831@outlook.com,Pune,Maharashtra,India,2019-08-31,Regular
112,Gaurav Bansal,gaurav.bansal611@yahoo.com,Nagpur,Maharashtra,India,2021-07-11,VIP
113,Deepika Bhatt,deepika.bhatt603@hotmail.com,Guwahati,Assam,India,2019-05-04,Regular
114,Karan Mishra,karan.mishra213@yahoo.com,Kolkata,West Bengal,India,2019-11-18,New
115,Komal Das,komal.das161@gmail.com,Dehradun,Uttarakhand,India,2022-05-01,Regular
116,Rohan Joshi,rohan.joshi296@outlook.com,Indore,Madhya Pradesh,India,2019-05-26,Regular
117,Ravi Yadav,ravi.yadav811@yahoo.com,Coimbatore,Tamil Nadu,India,2020-04-05,Regular
118,Sunita Chauhan,sunita.chauhan146@gmail.com,Lucknow,Uttar Pradesh,India,2022-05-03,Regular
119,Abhishek Ghosh,abhishek.ghosh296@hotmail.com,Dehradun,Uttarakhand,India,2020-09-14,Regular
120,Sunita Khan,sunita.khan553@hotmail.com,Guwahati,Assam,India,2019-03-23,VIP
121,Sanjay Bansal,sanjay.bansal257@gmail.com,Ranchi,Jharkhand,India,2023-09-09,VIP
122,Nidhi Mehta,nidhi.mehta784@outlook.com,Gurugram,Haryana,India,2023-03-29,New
123,Ishita Pillai,ishita.pillai453@outlook.com,Visakhapatnam,Andhra Pradesh,India,2021-06-11,Regular
124,Tanvi Das,tanvi.das482@outlook.com,Kochi,Kerala,India,2022-10-04,New
125,Suresh Rao,suresh.rao422@hotmail.com,Nagpur,Maharashtra,India,2023-07-25,Regular
126,Rohan Tiwari,rohan.tiwari91@outlook.com,Chennai,Tamil Nadu,India,2024-06-09,Regular
127,Mohit Chauhan,mohit.chauhan2@hotmail.com,Ahmedabad,Gujarat,India,2021-11-27,Regular
128,Tanvi Pillai,tanvi.pillai453@gmail.com,Coimbatore,Tamil Nadu,India,2019-09-26,VIP
129,Sandeep Naidu,sandeep.naidu716@hotmail.com,Bhubaneswar,Odisha,India,2022-05-31,Regular
130,Suresh Reddy,suresh.reddy565@gmail.com,Kolkata,West Bengal,India,2020-04-05,VIP
131,Meera Tiwari,meera.tiwari970@gmail.com,Bangalore,Karnataka,India,2021-10-17,VIP
132,Amit Khan,amit.khan723@outlook.com,Patna,Bihar,India,2024-06-30,Regular
133,Swati Chopra,swati.chopra149@hotmail.com,Guwahati,Assam,India,2021-11-06,Regular
134,Aditya Bhatt,aditya.bhatt72@outlook.com,Surat,Gujarat,India,2020-11-27,VIP
135,Mohit Kumar,mohit.kumar841@gmail.com,Lucknow,Uttar Pradesh,India,2023-09-12,Regular
136,Tanvi Bhatt,tanvi.bhatt153@hotmail.com,Bhopal,Madhya Pradesh,India,2020-11-11,Regular
137,Yash Gupta,yash.gupta467@outlook.com,Dehradun,Uttarakhand,India,2020-05-04,Regular
138,Manish Bhatt,manish.bhatt795@hotmail.com,Noida,Uttar Pradesh,India,2021-08-26,Regular
139,Nikhil Gupta,nikhil.gupta680@yahoo.com,Delhi,Delhi,India,2019-09-16,Regular
140,Nidhi Rao,nidhi.rao891@gmail.com,Indore,Madhya Pradesh,India,2019-07-24,Regular
141,Swati Mehta,swati.mehta740@yahoo.com,Bhubaneswar,Odisha,India,2024-06-09,New
142,Harsh Yadav,harsh.yadav993@outlook.com,Dehradun,Uttarakhand,India,2021-03-25,Regular
143,Anjali Bhatt,anjali.bhatt691@hotmail.com,Bhubaneswar,Odisha,India,2023-01-11,VIP
144,Tanvi Bhatt,tanvi.bhatt555@gmail.com,Pune,Maharashtra,India,2022-07-16,Regular
145,Amit Joshi,amit.joshi765@gmail.com,Chennai,Tamil Nadu,India,2023-04-07,Regular
146,Karan Tiwari,karan.tiwari171@outlook.com,Delhi,Delhi,India,2020-10-26,Regular
147,Amit Menon,amit.menon384@hotmail.com,Chandigarh,Punjab,India,2021-04-23,Regular
148,Kavya Nair,kavya.nair180@gmail.com,Nagpur,Maharashtra,India,2022-06-23,Regular
149,Tanvi Ghosh,tanvi.ghosh598@yahoo.com,Bhubaneswar,Odisha,India,2020-06-04,Regular
150,Arjun Naidu,arjun.naidu824@hotmail.com,Ranchi,Jharkhand,India,2022-01-24,New
151,Sandeep Menon,sandeep.menon602@outlook.com,Surat,Gujarat,India,2022-11-14,New
152,Deepika Patel,deepika.patel394@hotmail.com,Nagpur,Maharashtra,India,2022-03-17,Regular
153,Amit Kapoor,amit.kapoor303@gmail.com,Ranchi,Jharkhand,India,2021-03-21,New
154,Abhishek Bhatt,abhishek.bhatt703@gmail.com,Noida,Uttar Pradesh,India,2021-10-14,VIP
155,Amit Mishra,amit.mishra819@yahoo.com,Bhopal,Madhya Pradesh,India,2020-03-24,Regular
156,Sakshi Kumar,sakshi.kumar695@yahoo.com,Bhubaneswar,Odisha,India,2022-08-16,New
157,Sandeep Sharma,sandeep.sharma594@outlook.com,Kolkata,West Bengal,India,2024-02-06,New
158,Gaurav Nair,gaurav.nair206@yahoo.com,Bhopal,Madhya Pradesh,India,2021-12-23,Regular
159,Sunita Chauhan,sunita.chauhan169@outlook.com,Patna,Bihar,India,2024-06-04,VIP
160,Anjali Yadav,anjali.yadav118@hotmail.com,Bangalore,Karnataka,India,2023-03-25,VIP
161,Pallavi Bhatt,pallavi.bhatt824@outlook.com,Nagpur,Maharashtra,India,2019-01-29,New
162,Meera Tiwari,meera.tiwari378@outlook.com,Bhubaneswar,Odisha,India,2024-04-09,Regular
163,Manish Agarwal,manish.agarwal26@outlook.com,Pune,Maharashtra,India,2022-08-19,New
164,Swati Ghosh,swati.ghosh718@outlook.com,Chennai,Tamil Nadu,India,2019-10-14,New
165,Rohan Reddy,rohan.reddy505@gmail.com,Coimbatore,Tamil Nadu,India,2019-10-05,Regular
166,Shreya Desai,shreya.desai973@hotmail.com,Noida,Uttar Pradesh,India,2019-11-13,VIP
167,Karan Chauhan,karan.chauhan502@hotmail.com,Jaipur,Rajasthan,India,2019-03-09,Regular
168,Pooja Tiwari,pooja.tiwari456@yahoo.com,Chennai,Tamil Nadu,India,2022-11-05,Regular
169,Vivek Sharma,vivek.sharma408@outlook.com,Chennai,Tamil Nadu,India,2024-04-27,VIP
170,Swati Das,swati.das679@yahoo.com,Guwahati,Assam,India,2024-06-11,New
171,Anjali Joshi,anjali.joshi129@yahoo.com,Gurugram,Haryana,India,2022-02-09,New
172,Pooja Chauhan,pooja.chauhan891@yahoo.com,Bangalore,Karnataka,India,2023-06-04,VIP
173,Arjun Kumar,arjun.kumar880@yahoo.com,Coimbatore,Tamil Nadu,India,2020-05-28,Regular
174,Meera Desai,meera.desai888@gmail.com,Bhopal,Madhya Pradesh,India,2023-06-06,Regular
175,Nidhi Rao,nidhi.rao17@yahoo.com,Bangalore,Karnataka,India,2023-02-28,Regular
176,Meera Saxena,meera.saxena66@hotmail.com,Bhopal,Madhya Pradesh,India,2021-11-17,Regular
177,Sandeep Khan,sandeep.khan227@gmail.com,Ranchi,Jharkhand,India,2021-12-03,New
178,Priya Sharma,priya.sharma491@hotmail.com,Chennai,Tamil Nadu,India,2021-10-01,Regular
179,Sandeep Das,sandeep.das921@gmail.com,Bangalore,Karnataka,India,2019-05-15,New
180,Sakshi Pillai,sakshi.pillai600@outlook.com,Guwahati,Assam,India,2021-12-22,New
181,Mohit Bansal,mohit.bansal441@gmail.com,Chennai,Tamil Nadu,India,2023-10-13,Regular
182,Komal Saxena,komal.saxena887@yahoo.com,Pune,Maharashtra,India,2021-04-27,New
183,Swati Gupta,swati.gupta426@gmail.com,Kochi,Kerala,India,2022-09-24,New
184,Divya Desai,divya.desai946@hotmail.com,Kolkata,West Bengal,India,2019-07-10,Regular
185,Shreya Yadav,shreya.yadav134@gmail.com,Coimbatore,Tamil Nadu,India,2022-02-24,New
186,Meera Verma,meera.verma363@hotmail.com,Noida,Uttar Pradesh,India,2019-04-16,VIP
187,Rajesh Reddy,rajesh.reddy361@gmail.com,Ahmedabad,Gujarat,India,2019-11-13,Regular
188,Manish Bhatt,manish.bhatt111@outlook.com,Bhopal,Madhya Pradesh,India,2019-08-24,Regular
189,Abhishek Joshi,abhishek.joshi827@hotmail.com,Gurugram,Haryana,India,2023-08-04,Regular
190,Komal Mehta,komal.mehta624@outlook.com,Jaipur,Rajasthan,India,2022-12-10,Regular
191,Anjali Menon,anjali.menon7@yahoo.com,Visakhapatnam,Andhra Pradesh,India,2022-09-08,Regular
192,Divya Saxena,divya.saxena649@gmail.com,Chandigarh,Punjab,India,2020-03-16,Regular
193,Swati Rao,swati.rao162@outlook.com,Kochi,Kerala,India,2023-05-10,VIP
194,Rajesh Das,rajesh.das905@gmail.com,Gurugram,Haryana,India,2022-06-19,New
195,Ananya Kumar,ananya.kumar454@hotmail.com,Indore,Madhya Pradesh,India,2021-04-28,New
196,Mohit Iyer,mohit.iyer354@hotmail.com,Ranchi,Jharkhand,India,2022-10-21,Regular
197,Ishita Desai,ishita.desai316@gmail.com,Guwahati,Assam,India,2019-04-23,New
198,Deepika Patel,deepika.patel786@yahoo.com,Lucknow,Uttar Pradesh,India,2020-11-02,New
199,Tanvi Saxena,tanvi.saxena441@yahoo.com,Coimbatore,Tamil Nadu,India,2022-12-12,New
200,Komal Chauhan,komal.chauhan685@outlook.com,Noida,Uttar Pradesh,India,2019-03-28,Regular
201,Swati Ghosh,swati.ghosh80@outlook.com,Visakhapatnam,Andhra Pradesh,India,2021-04-08,Regular
202,Gaurav Reddy,gaurav.reddy118@hotmail.com,Kochi,Kerala,India,2019-12-18,VIP
203,Sakshi Tiwari,sakshi.tiwari852@outlook.com,Chennai,Tamil Nadu,India,2020-05-13,Regular
204,Pallavi Khan,pallavi.khan81@hotmail.com,Noida,Uttar Pradesh,India,2020-11-26,New
205,Suresh Das,suresh.das523@gmail.com,Ahmedabad,Gujarat,India,2024-01-30,Regular
206,Vivek Saxena,vivek.saxena982@yahoo.com,Bangalore,Karnataka,India,2020-06-08,New
207,Rajesh Singh,rajesh.singh779@gmail.com,Gurugram,Haryana,India,2022-07-10,Regular
208,Abhishek Mishra,abhishek.mishra594@hotmail.com,Visakhapatnam,Andhra Pradesh,India,2022-08-09,Regular
209,Sakshi Rao,sakshi.rao885@outlook.com,Kolkata,West Bengal,India,2021-08-18,Regular
210,Deepika Yadav,deepika.yadav282@gmail.com,Kolkata,West Bengal,India,2020-09-27,Regular
211,Rohan Sharma,rohan.sharma378@outlook.com,Kolkata,West Bengal,India,2022-06-13,Regular
212,Nikhil Tiwari,nikhil.tiwari595@gmail.com,Visakhapatnam,Andhra Pradesh,India,2022-08-27,New
213,Rajesh Agarwal,rajesh.agarwal514@yahoo.com,Indore,Madhya Pradesh,India,2019-07-31,VIP
214,Anjali Kapoor,anjali.kapoor87@yahoo.com,Dehradun,Uttarakhand,India,2021-06-15,VIP
215,Ishita Khan,ishita.khan625@yahoo.com,Lucknow,Uttar Pradesh,India,2021-03-04,Regular
216,Anjali Desai,anjali.desai613@gmail.com,Bhubaneswar,Odisha,India,2020-11-16,New
217,Karan Chopra,karan.chopra695@hotmail.com,Noida,Uttar Pradesh,India,2023-10-11,Regular
218,Rajesh Bhatt,rajesh.bhatt154@outlook.com,Ranchi,Jharkhand,India,2019-10-17,VIP
219,Deepika Pillai,deepika.pillai716@hotmail.com,Dehradun,Uttarakhand,India,2024-04-05,New
220,Komal Gupta,komal.gupta659@outlook.com,Ranchi,Jharkhand,India,2022-12-10,VIP
221,Ishita Das,ishita.das662@hotmail.com,Mumbai,Maharashtra,India,2021-01-12,New
222,Pooja Rao,pooja.rao971@hotmail.com,Bangalore,Karnataka,India,2019-11-14,New
223,Karan Khan,karan.khan790@gmail.com,Gurugram,Haryana,India,2022-06-19,New
224,Nikhil Singh,nikhil.singh167@yahoo.com,Gurugram,Haryana,India,2022-07-03,VIP
225,Suresh Saxena,suresh.saxena449@gmail.com,Ranchi,Jharkhand,India,2023-01-13,New
226,Sandeep Bansal,sandeep.bansal292@hotmail.com,Pune,Maharashtra,India,2020-09-25,VIP
227,Harsh Naidu,harsh.naidu856@yahoo.com,Visakhapatnam,Andhra Pradesh,India,2021-06-21,Regular
228,Amit Mishra,amit.mishra392@hotmail.com,Ahmedabad,Gujarat,India,2023-06-29,Regular
229,Ravi Sharma,ravi.sharma657@hotmail.com,Coimbatore,Tamil Nadu,India,2024-03-28,New
230,Ishita Bhatt,ishita.bhatt128@outlook.com,Hyderabad,Telangana,India,2020-07-12,Regular
231,Mohit Singh,mohit.singh851@hotmail.com,Pune,Maharashtra,India,2023-07-31,Regular
232,Vivek Ghosh,vivek.ghosh28@hotmail.com,Chandigarh,Punjab,India,2021-02-04,New
233,Ananya Menon,ananya.menon230@gmail.com,Chennai,Tamil Nadu,India,2023-09-15,Regular
234,Anjali Yadav,anjali.yadav150@yahoo.com,Patna,Bihar,India,2022-11-26,VIP
235,Harsh Tiwari,harsh.tiwari631@gmail.com,Mumbai,Maharashtra,India,2020-06-08,New
236,Divya Chopra,divya.chopra963@hotmail.com,Lucknow,Uttar Pradesh,India,2020-05-01,New
237,Sneha Joshi,sneha.joshi430@hotmail.com,Patna,Bihar,India,2022-05-07,Regular
238,Mohit Malhotra,mohit.malhotra248@yahoo.com,Mumbai,Maharashtra,India,2022-06-13,Regular
239,Abhishek Verma,abhishek.verma192@gmail.com,Bhopal,Madhya Pradesh,India,2019-05-19,VIP
240,Yash Khan,yash.khan806@gmail.com,Patna,Bihar,India,2019-03-31,Regular
241,Shreya Kumar,shreya.kumar766@gmail.com,Kolkata,West Bengal,India,2020-12-07,New
242,Karan Mishra,karan.mishra596@outlook.com,Bhopal,Madhya Pradesh,India,2022-01-23,New
243,Kavya Chauhan,kavya.chauhan798@hotmail.com,Patna,Bihar,India,2022-07-17,New
244,Aditya Das,aditya.das734@hotmail.com,Ahmedabad,Gujarat,India,2019-03-31,Regular
245,Rohan Rao,rohan.rao956@outlook.com,Coimbatore,Tamil Nadu,India,2021-08-27,New
246,Rahul Reddy,rahul.reddy366@gmail.com,Kochi,Kerala,India,2020-07-13,New
247,Shreya Verma,shreya.verma911@hotmail.com,Nagpur,Maharashtra,India,2020-11-25,VIP
248,Tanvi Kapoor,tanvi.kapoor510@outlook.com,Chandigarh,Punjab,India,2020-06-30,VIP
249,Ritika Das,ritika.das441@yahoo.com,Kochi,Kerala,India,2019-07-30,New
250,Amit Reddy,amit.reddy457@hotmail.com,Indore,Madhya Pradesh,India,2020-12-20,Regular
251,Vivek Bansal,vivek.bansal446@outlook.com,Delhi,Delhi,India,2019-06-03,Regular
252,Pallavi Menon,pallavi.menon526@yahoo.com,Bangalore,Karnataka,India,2023-10-05,Regular
253,Sandeep Sharma,sandeep.sharma130@gmail.com,Bhubaneswar,Odisha,India,2021-01-20,Regular
254,Abhishek Sharma,abhishek.sharma620@yahoo.com,Bhopal,Madhya Pradesh,India,2021-01-31,Regular
255,Vikram Malhotra,vikram.malhotra141@outlook.com,Bhubaneswar,Odisha,India,2020-07-24,New
256,Meera Mehta,meera.mehta754@yahoo.com,Nagpur,Maharashtra,India,2024-02-14,Regular
257,Ravi Mishra,ravi.mishra267@hotmail.com,Guwahati,Assam,India,2020-08-07,Regular
258,Tanvi Patel,tanvi.patel126@yahoo.com,Indore,Madhya Pradesh,India,2019-12-20,VIP
259,Sandeep Das,sandeep.das830@outlook.com,Dehradun,Uttarakhand,India,2019-05-13,Regular
260,Amit Naidu,amit.naidu308@yahoo.com,Dehradun,Uttarakhand,India,2022-07-30,New
261,Shreya Khan,shreya.khan230@gmail.com,Bangalore,Karnataka,India,2020-04-29,Regular
262,Priya Menon,priya.menon568@outlook.com,Coimbatore,Tamil Nadu,India,2019-09-23,Regular
263,Ananya Das,ananya.das317@hotmail.com,Noida,Uttar Pradesh,India,2021-09-07,Regular
264,Gaurav Chauhan,gaurav.chauhan589@gmail.com,Kochi,Kerala,India,2022-08-08,New
265,Swati Desai,swati.desai530@outlook.com,Gurugram,Haryana,India,2022-02-03,Regular
266,Kavya Mishra,kavya.mishra990@yahoo.com,Delhi,Delhi,India,2023-08-30,New
267,Divya Reddy,divya.reddy169@yahoo.com,Dehradun,Uttarakhand,India,2020-04-06,New
268,Ishita Naidu,ishita.naidu291@gmail.com,Bhubaneswar,Odisha,India,2024-05-12,Regular
269,Aditya Pillai,aditya.pillai311@gmail.com,Hyderabad,Telangana,India,2022-04-27,VIP
270,Divya Nair,divya.nair675@outlook.com,Visakhapatnam,Andhra Pradesh,India,2019-03-26,VIP
271,Priya Das,priya.das47@outlook.com,Gurugram,Haryana,India,2022-03-17,Regular
272,Priya Agarwal,priya.agarwal911@outlook.com,Lucknow,Uttar Pradesh,India,2021-09-16,New
273,Pallavi Reddy,pallavi.reddy465@gmail.com,Hyderabad,Telangana,India,2021-06-19,Regular
274,Swati Patel,swati.patel349@yahoo.com,Dehradun,Uttarakhand,India,2020-10-15,Regular
275,Vivek Gupta,vivek.gupta134@outlook.com,Chennai,Tamil Nadu,India,2020-10-15,New
276,Meera Kumar,meera.kumar461@yahoo.com,Delhi,Delhi,India,2020-08-17,VIP
277,Sakshi Verma,sakshi.verma255@yahoo.com,Visakhapatnam,Andhra Pradesh,India,2023-01-16,New
278,Suresh Agarwal,suresh.agarwal528@hotmail.com,Lucknow,Uttar Pradesh,India,2021-10-15,New
279,Pallavi Khan,pallavi.khan469@yahoo.com,Bhopal,Madhya Pradesh,India,2019-04-10,New
280,Tanvi Bansal,tanvi.bansal904@hotmail.com,Mumbai,Maharashtra,India,2023-10-02,New
281,Aditya Naidu,aditya.naidu271@outlook.com,Bhopal,Madhya Pradesh,India,2019-04-03,Regular
282,Abhishek Chopra,abhishek.chopra200@outlook.com,Kolkata,West Bengal,India,2021-03-02,Regular
283,Komal Kumar,komal.kumar846@gmail.com,Chennai,Tamil Nadu,India,2021-03-17,Regular
284,Anjali Chopra,anjali.chopra962@outlook.com,Ahmedabad,Gujarat,India,2022-05-18,Regular
285,Mohit Sharma,mohit.sharma47@gmail.com,Kochi,Kerala,India,2023-07-05,Regular
286,Swati Singh,swati.singh621@yahoo.com,Guwahati,Assam,India,2020-10-14,New
287,Sakshi Saxena,sakshi.saxena863@outlook.com,Chandigarh,Punjab,India,2023-08-24,Regular
288,Tanvi Kapoor,tanvi.kapoor577@outlook.com,Mumbai,Maharashtra,India,2021-01-24,New
289,Meera Verma,meera.verma598@outlook.com,Noida,Uttar Pradesh,India,2023-11-22,Regular
290,Priya Bansal,priya.bansal486@outlook.com,Gurugram,Haryana,India,2022-03-30,Regular
291,Sneha Malhotra,sneha.malhotra492@yahoo.com,Noida,Uttar Pradesh,India,2022-06-23,Regular
292,Nikhil Singh,nikhil.singh842@yahoo.com,Dehradun,Uttarakhand,India,2019-08-14,New
293,Sandeep Rao,sandeep.rao429@yahoo.com,Ahmedabad,Gujarat,India,2021-04-20,Regular
294,Sakshi Ghosh,sakshi.ghosh483@gmail.com,Chandigarh,Punjab,India,2020-02-29,Regular
295,Harsh Khan,harsh.khan386@outlook.com,Indore,Madhya Pradesh,India,2024-02-12,Regular
296,Yash Menon,yash.menon693@outlook.com,Ahmedabad,Gujarat,India,2024-05-14,New
297,Komal Reddy,komal.reddy231@outlook.com,Dehradun,Uttarakhand,India,2020-02-29,Regular
298,Tanvi Rao,tanvi.rao492@outlook.com,Noida,Uttar Pradesh,India,2020-07-14,New
299,Abhishek Desai,abhishek.desai557@hotmail.com,Nagpur,Maharashtra,India,2023-08-04,New
300,Divya Reddy,divya.reddy44@outlook.com,Kolkata,West Bengal,India,2020-12-10,VIP
301,Ravi Saxena,ravi.saxena491@yahoo.com,Coimbatore,Tamil Nadu,India,2020-07-09,VIP
302,Sunita Singh,sunita.singh112@yahoo.com,Ranchi,Jharkhand,India,2024-01-28,Regular
303,Manish Sharma,manish.sharma103@hotmail.com,Patna,Bihar,India,2019-07-25,Regular
304,Aditya Mehta,aditya.mehta988@yahoo.com,Patna,Bihar,India,2021-09-04,Regular
305,Amit Rao,amit.rao293@gmail.com,Kolkata,West Bengal,India,2022-08-28,Regular
306,Yash Saxena,yash.saxena741@gmail.com,Hyderabad,Telangana,India,2021-05-05,VIP
307,Kavya Ghosh,kavya.ghosh942@gmail.com,Nagpur,Maharashtra,India,2023-06-02,Regular
308,Amit Naidu,amit.naidu39@gmail.com,Guwahati,Assam,India,2019-08-08,VIP
309,Anjali Reddy,anjali.reddy466@hotmail.com,Bangalore,Karnataka,India,2023-10-09,Regular
310,Sunita Patel,sunita.patel829@gmail.com,Noida,Uttar Pradesh,India,2021-07-28,Regular
311,Kavya Mehta,kavya.mehta755@outlook.com,Visakhapatnam,Andhra Pradesh,India,2022-10-13,Regular
312,Kavya Bansal,kavya.bansal877@hotmail.com,Chandigarh,Punjab,India,2020-11-02,New
313,Karan Nair,karan.nair144@hotmail.com,Pune,Maharashtra,India,2019-01-14,New
314,Neha Tiwari,neha.tiwari772@outlook.com,Lucknow,Uttar Pradesh,India,2022-04-07,Regular
315,Arjun Kumar,arjun.kumar670@outlook.com,Delhi,Delhi,India,2022-09-29,New
316,Deepika Nair,deepika.nair416@outlook.com,Bhubaneswar,Odisha,India,2024-02-20,VIP
317,Shreya Bansal,shreya.bansal227@yahoo.com,Patna,Bihar,India,2019-11-10,Regular
318,Rajesh Menon,rajesh.menon426@hotmail.com,Ranchi,Jharkhand,India,2023-08-18,New
319,Neha Desai,neha.desai773@gmail.com,Chandigarh,Punjab,India,2022-12-12,Regular
320,Abhishek Iyer,abhishek.iyer64@yahoo.com,Bangalore,Karnataka,India,2019-12-03,New
321,Ishita Tiwari,ishita.tiwari120@yahoo.com,Patna,Bihar,India,2019-07-06,VIP
322,Sandeep Yadav,sandeep.yadav57@hotmail.com,Surat,Gujarat,India,2021-07-24,Regular
323,Komal Tiwari,komal.tiwari689@outlook.com,Nagpur,Maharashtra,India,2020-06-05,VIP
324,Pooja Malhotra,pooja.malhotra75@gmail.com,Dehradun,Uttarakhand,India,2019-05-11,Regular
325,Sneha Ghosh,sneha.ghosh916@gmail.com,Patna,Bihar,India,2019-03-06,New
326,Kavya Mishra,kavya.mishra139@hotmail.com,Nagpur,Maharashtra,India,2021-07-07,VIP
327,Nikhil Gupta,nikhil.gupta83@yahoo.com,Bhopal,Madhya Pradesh,India,2019-08-31,New
328,Yash Gupta,yash.gupta542@yahoo.com,Pune,Maharashtra,India,2023-09-06,New
329,Priya Reddy,priya.reddy475@hotmail.com,Pune,Maharashtra,India,2020-05-21,Regular
330,Divya Kumar,divya.kumar194@gmail.com,Ranchi,Jharkhand,India,2021-05-08,Regular
331,Priya Joshi,priya.joshi212@gmail.com,Delhi,Delhi,India,2021-07-03,Regular
332,Sneha Joshi,sneha.joshi759@gmail.com,Pune,Maharashtra,India,2022-01-10,New
333,Sneha Singh,sneha.singh516@outlook.com,Noida,Uttar Pradesh,India,2022-03-25,New
334,Rajesh Mishra,rajesh.mishra689@outlook.com,Bangalore,Karnataka,India,2022-09-14,Regular
335,Gaurav Reddy,gaurav.reddy282@gmail.com,Visakhapatnam,Andhra Pradesh,India,2023-12-07,Regular
336,Kavya Pillai,kavya.pillai696@hotmail.com,Delhi,Delhi,India,2024-06-14,New
337,Nikhil Yadav,nikhil.yadav538@outlook.com,Surat,Gujarat,India,2019-11-02,New
338,Kavya Mishra,kavya.mishra551@hotmail.com,Pune,Maharashtra,India,2020-09-07,VIP
339,Divya Yadav,divya.yadav475@gmail.com,Surat,Gujarat,India,2022-02-15,Regular
340,Nikhil Joshi,nikhil.joshi262@yahoo.com,Kolkata,West Bengal,India,2024-03-03,Regular
341,Shreya Das,shreya.das549@yahoo.com,Nagpur,Maharashtra,India,2022-10-11,Regular
342,Rohan Bhatt,rohan.bhatt75@yahoo.com,Visakhapatnam,Andhra Pradesh,India,2023-01-23,Regular
343,Pooja Agarwal,pooja.agarwal214@outlook.com,Mumbai,Maharashtra,India,2020-03-09,VIP
344,Meera Saxena,meera.saxena773@hotmail.com,Dehradun,Uttarakhand,India,2022-05-22,Regular
345,Pallavi Ghosh,pallavi.ghosh246@outlook.com,Nagpur,Maharashtra,India,2021-08-12,Regular
346,Vivek Reddy,vivek.reddy268@outlook.com,Patna,Bihar,India,2021-08-12,New
347,Harsh Mishra,harsh.mishra860@outlook.com,Bhopal,Madhya Pradesh,India,2020-10-02,Regular
348,Abhishek Bhatt,abhishek.bhatt227@yahoo.com,Coimbatore,Tamil Nadu,India,2024-03-29,Regular
349,Gaurav Reddy,gaurav.reddy157@yahoo.com,Nagpur,Maharashtra,India,2022-03-12,VIP
350,Tanvi Chopra,tanvi.chopra671@outlook.com,Patna,Bihar,India,2024-06-02,Regular
351,Tanvi Tiwari,tanvi.tiwari173@outlook.com,Noida,Uttar Pradesh,India,2022-01-24,Regular
352,Yash Pillai,yash.pillai981@gmail.com,Kolkata,West Bengal,India,2024-04-19,VIP
353,Sneha Mishra,sneha.mishra7@hotmail.com,Bhubaneswar,Odisha,India,2020-04-18,New
354,Divya Mehta,divya.mehta224@hotmail.com,Guwahati,Assam,India,2022-07-30,Regular
355,Sakshi Ghosh,sakshi.ghosh495@hotmail.com,Coimbatore,Tamil Nadu,India,2022-02-03,Regular
356,Priya Khan,priya.khan740@outlook.com,Lucknow,Uttar Pradesh,India,2019-02-05,Regular
357,Ritika Yadav,ritika.yadav963@yahoo.com,Chennai,Tamil Nadu,India,2021-12-09,New
358,Rahul Bansal,rahul.bansal540@outlook.com,Jaipur,Rajasthan,India,2023-06-17,Regular
359,Shreya Gupta,shreya.gupta471@yahoo.com,Pune,Maharashtra,India,2020-09-06,Regular
360,Ananya Pillai,ananya.pillai879@gmail.com,Nagpur,Maharashtra,India,2021-02-11,Regular
361,Sneha Pillai,sneha.pillai10@yahoo.com,Surat,Gujarat,India,2022-08-13,Regular
362,Abhishek Bhatt,abhishek.bhatt998@gmail.com,Delhi,Delhi,India,2020-04-15,New
363,Abhishek Agarwal,abhishek.agarwal278@gmail.com,Ranchi,Jharkhand,India,2024-03-10,New
364,Yash Malhotra,yash.malhotra674@gmail.com,Kochi,Kerala,India,2019-02-02,VIP
365,Nidhi Singh,nidhi.singh771@hotmail.com,Lucknow,Uttar Pradesh,India,2019-11-29,Regular
366,Abhishek Chauhan,abhishek.chauhan870@hotmail.com,Coimbatore,Tamil Nadu,India,2020-11-10,Regular
367,Aditya Yadav,aditya.yadav706@gmail.com,Bhopal,Madhya Pradesh,India,2019-04-20,New
368,Manish Chauhan,manish.chauhan78@outlook.com,Guwahati,Assam,India,2024-05-09,Regular
369,Sanjay Mehta,sanjay.mehta650@outlook.com,Indore,Madhya Pradesh,India,2021-10-01,New
370,Komal Gupta,komal.gupta443@yahoo.com,Ranchi,Jharkhand,India,2021-02-17,New
371,Sakshi Reddy,sakshi.reddy818@yahoo.com,Kolkata,West Bengal,India,2020-07-02,New
372,Divya Saxena,divya.saxena399@outlook.com,Kolkata,West Bengal,India,2019-01-11,VIP
373,Sandeep Menon,sandeep.menon780@outlook.com,Kolkata,West Bengal,India,2020-01-19,Regular
374,Komal Chopra,komal.chopra525@hotmail.com,Kolkata,West Bengal,India,2020-12-25,Regular
375,Rajesh Bansal,rajesh.bansal804@outlook.com,Mumbai,Maharashtra,India,2020-08-20,Regular
376,Ananya Saxena,ananya.saxena923@yahoo.com,Hyderabad,Telangana,India,2022-11-04,Regular
377,Aditya Kumar,aditya.kumar309@outlook.com,Kolkata,West Bengal,India,2019-12-09,Regular
378,Gaurav Reddy,gaurav.reddy496@gmail.com,Pune,Maharashtra,India,2023-01-16,Regular
379,Rajesh Bansal,rajesh.bansal201@hotmail.com,Lucknow,Uttar Pradesh,India,2019-01-14,VIP
380,Anjali Chauhan,anjali.chauhan636@hotmail.com,Kochi,Kerala,India,2021-06-20,New
381,Rajesh Singh,rajesh.singh308@outlook.com,Dehradun,Uttarakhand,India,2020-02-16,Regular
382,Kavya Gupta,kavya.gupta992@outlook.com,Dehradun,Uttarakhand,India,2022-07-20,Regular
383,Abhishek Yadav,abhishek.yadav249@outlook.com,Nagpur,Maharashtra,India,2021-01-17,New
384,Abhishek Patel,abhishek.patel607@yahoo.com,Coimbatore,Tamil Nadu,India,2019-02-25,VIP
385,Swati Kapoor,swati.kapoor215@hotmail.com,Dehradun,Uttarakhand,India,2019-05-22,VIP
386,Gaurav Desai,gaurav.desai512@yahoo.com,Pune,Maharashtra,India,2020-06-01,Regular
387,Ritika Yadav,ritika.yadav387@gmail.com,Guwahati,Assam,India,2021-09-08,Regular
388,Yash Khan,yash.khan946@hotmail.com,Bhopal,Madhya Pradesh,India,2022-12-07,VIP
389,Yash Bansal,yash.bansal654@gmail.com,Pune,Maharashtra,India,2022-09-08,Regular
390,Suresh Pillai,suresh.pillai628@gmail.com,Bhubaneswar,Odisha,India,2022-10-19,Regular
391,Anjali Yadav,anjali.yadav441@gmail.com,Jaipur,Rajasthan,India,2020-03-30,Regular
392,Ishita Chopra,ishita.chopra595@yahoo.com,Nagpur,Maharashtra,India,2021-08-06,Regular
393,Nidhi Kapoor,nidhi.kapoor513@yahoo.com,Mumbai,Maharashtra,India,2021-09-15,New
394,Gaurav Ghosh,gaurav.ghosh985@gmail.com,Noida,Uttar Pradesh,India,2019-10-18,New
395,Anjali Tiwari,anjali.tiwari804@yahoo.com,Bhopal,Madhya Pradesh,India,2021-09-02,New
396,Sandeep Rao,sandeep.rao69@outlook.com,Dehradun,Uttarakhand,India,2019-08-24,New
397,Anjali Pillai,anjali.pillai112@yahoo.com,Noida,Uttar Pradesh,India,2020-05-14,Regular
398,Komal Nair,komal.nair339@hotmail.com,Pune,Maharashtra,India,2023-06-22,Regular
399,Kavya Nair,kavya.nair656@hotmail.com,Noida,Uttar Pradesh,India,2022-06-11,VIP
400,Sandeep Malhotra,ritika.singh888@hotmail.com,Ahmedabad,Gujarat,India,2020-07-24,Regular
401,Vikram Malhotra,vikram.malhotra105@yahoo.com,Ahmedabad,Gujarat,India,2021-07-26,New
402,Tanvi Khan,tanvi.khan990@outlook.com,Guwahati,Assam,India,2021-03-14,Regular
403,Vivek Menon,vivek.menon866@hotmail.com,Ranchi,Jharkhand,India,2022-12-16,VIP
404,Sakshi Malhotra,sakshi.malhotra87@yahoo.com,Pune,Maharashtra,India,2020-09-17,New
405,Shreya Kapoor,shreya.kapoor145@hotmail.com,Bangalore,Karnataka,India,2022-03-23,Regular
406,Kavya Agarwal,kavya.agarwal651@yahoo.com,Patna,Bihar,India,2020-08-14,New
407,Sanjay Chauhan,sanjay.chauhan462@gmail.com,Mumbai,Maharashtra,India,2021-09-19,New
408,Nikhil Chopra,nikhil.chopra518@hotmail.com,Patna,Bihar,India,2021-05-01,Regular
409,Sandeep Agarwal,sandeep.agarwal172@gmail.com,Gurugram,Haryana,India,2020-03-27,New
410,Sunita Joshi,sunita.joshi551@outlook.com,Indore,Madhya Pradesh,India,2022-03-04,Regular
411,Tanvi Chopra,tanvi.chopra524@gmail.com,Jaipur,Rajasthan,India,2023-05-07,Regular
412,Shreya Chopra,shreya.chopra843@gmail.com,Indore,Madhya Pradesh,India,2022-01-23,New
413,Ritika Iyer,ritika.iyer754@yahoo.com,Delhi,Delhi,India,2021-07-10,New
414,Ananya Tiwari,ananya.tiwari887@gmail.com,Pune,Maharashtra,India,2020-03-05,VIP
415,Nidhi Kapoor,nidhi.kapoor360@hotmail.com,Bangalore,Karnataka,India,2023-05-27,New
416,Pooja Yadav,pooja.yadav61@outlook.com,Guwahati,Assam,India,2022-01-08,New
417,Amit Reddy,amit.reddy587@outlook.com,Chandigarh,Punjab,India,2024-01-18,Regular
418,Karan Singh,karan.singh986@hotmail.com,Jaipur,Rajasthan,India,2023-11-11,Regular
419,Aditya Joshi,aditya.joshi150@outlook.com,Gurugram,Haryana,India,2023-09-24,Regular
420,Tanvi Singh,tanvi.singh592@outlook.com,Nagpur,Maharashtra,India,2021-07-14,New
421,Ananya Gupta,ananya.gupta528@outlook.com,Bhopal,Madhya Pradesh,India,2021-07-20,VIP
422,Sanjay Malhotra,sanjay.malhotra3@gmail.com,Indore,Madhya Pradesh,India,2022-07-24,Regular
423,Vivek Bhatt,vivek.bhatt65@hotmail.com,Surat,Gujarat,India,2023-08-17,New
424,Sunita Rao,sunita.rao849@outlook.com,Visakhapatnam,Andhra Pradesh,India,2019-09-25,Regular
425,Tanvi Yadav,tanvi.yadav352@gmail.com,Bhubaneswar,Odisha,India,2023-05-25,VIP
426,Priya Iyer,priya.iyer952@yahoo.com,Mumbai,Maharashtra,India,2024-05-16,Regular
427,Aditya Naidu,aditya.naidu666@outlook.com,Jaipur,Rajasthan,India,2019-07-11,Regular
428,Ravi Das,ravi.das381@yahoo.com,Bhubaneswar,Odisha,India,2020-09-17,Regular
429,Manish Verma,manish.verma672@gmail.com,Mumbai,Maharashtra,India,2020-03-13,Regular
430,Aditya Malhotra,suresh.pillai628@gmail.com,Kochi,Kerala,India,2023-08-01,New
431,Ritika Kapoor,ritika.kapoor136@hotmail.com,Nagpur,Maharashtra,India,2019-07-02,Regular
432,Karan Iyer,karan.iyer321@outlook.com,Bangalore,Karnataka,India,2021-02-22,Regular
433,Aditya Pillai,aditya.pillai694@yahoo.com,Visakhapatnam,Andhra Pradesh,India,2019-01-18,Regular
434,Suresh Tiwari,suresh.tiwari360@yahoo.com,Bangalore,Karnataka,India,2024-02-27,Regular
435,Sandeep Bhatt,sandeep.bhatt223@gmail.com,Bangalore,Karnataka,India,2023-03-22,New
436,Nikhil Menon,nikhil.menon987@hotmail.com,Bangalore,Karnataka,India,2020-05-22,New
437,Ananya Joshi,ananya.joshi567@outlook.com,Dehradun,Uttarakhand,India,2019-02-24,VIP
438,Deepika Patel,deepika.patel531@yahoo.com,Lucknow,Uttar Pradesh,India,2022-08-16,New
439,Neha Agarwal,neha.agarwal396@gmail.com,Bhubaneswar,Odisha,India,2022-05-01,New
440,Arjun Menon,arjun.menon957@outlook.com,Visakhapatnam,Andhra Pradesh,India,2021-05-11,Regular
441,Kavya Mishra,kavya.mishra483@gmail.com,Kolkata,West Bengal,India,2019-01-29,New
442,Rohan Ghosh,rohan.ghosh62@hotmail.com,Bhubaneswar,Odisha,India,2022-12-30,Regular
443,Gaurav Verma,gaurav.verma719@hotmail.com,Coimbatore,Tamil Nadu,India,2022-01-06,Regular
444,Sunita Das,sunita.das318@gmail.com,Ahmedabad,Gujarat,India,2024-06-18,VIP
445,Yash Rao,yash.rao401@gmail.com,Surat,Gujarat,India,2023-02-03,VIP
446,Neha Sharma,neha.sharma251@gmail.com,Chennai,Tamil Nadu,India,2021-07-17,Regular
447,Sneha Reddy,sneha.reddy683@yahoo.com,Dehradun,Uttarakhand,India,2019-10-09,Regular
448,Suresh Agarwal,suresh.agarwal976@outlook.com,Noida,Uttar Pradesh,India,2020-06-14,New
449,Aditya Saxena,aditya.saxena800@outlook.com,Chennai,Tamil Nadu,India,2023-04-29,VIP
450,Anjali Yadav,anjali.yadav440@outlook.com,Jaipur,Rajasthan,India,2022-12-29,VIP
451,Vikram Agarwal,vikram.agarwal467@outlook.com,Visakhapatnam,Andhra Pradesh,India,2019-12-08,Regular
452,Ravi Mishra,ravi.mishra106@gmail.com,Chandigarh,Punjab,India,2019-01-06,New
453,Arjun Joshi,arjun.joshi48@hotmail.com,Bangalore,Karnataka,India,2020-01-02,VIP
454,Rohan Chopra,rohan.chopra823@hotmail.com,Pune,Maharashtra,India,2021-05-02,VIP
455,Sanjay Kumar,sanjay.kumar846@gmail.com,Chennai,Tamil Nadu,India,2021-10-25,Regular
456,Sneha Nair,sneha.nair229@gmail.com,Kolkata,West Bengal,India,2023-12-02,Regular
457,Amit Mishra,amit.mishra866@outlook.com,Coimbatore,Tamil Nadu,India,2021-07-24,New
458,Rahul Reddy,rahul.reddy578@outlook.com,Pune,Maharashtra,India,2021-08-08,Regular
459,Tanvi Mishra,tanvi.mishra795@yahoo.com,Coimbatore,Tamil Nadu,India,2023-04-07,Regular
460,Divya Mehta,divya.mehta955@hotmail.com,Coimbatore,Tamil Nadu,India,2020-12-10,Regular
461,Arjun Rao,arjun.rao2@hotmail.com,Noida,Uttar Pradesh,India,2020-09-21,New
462,Ishita Joshi,ishita.joshi430@hotmail.com,Bangalore,Karnataka,India,2022-12-28,New
463,Rohan Ghosh,rohan.ghosh238@hotmail.com,Bhopal,Madhya Pradesh,India,2021-07-27,VIP
464,Ananya Malhotra,ananya.malhotra98@yahoo.com,Nagpur,Maharashtra,India,2019-06-03,Regular
465,Sneha Verma,sneha.verma679@yahoo.com,Jaipur,Rajasthan,India,2023-10-09,New
466,Pallavi Kapoor,pallavi.kapoor852@outlook.com,Jaipur,Rajasthan,India,2020-04-23,New
467,Rahul Singh,rahul.singh799@gmail.com,Hyderabad,Telangana,India,2021-07-09,Regular
468,Gaurav Iyer,gaurav.iyer549@outlook.com,Ahmedabad,Gujarat,India,2021-07-14,New
469,Ravi Bhatt,ravi.bhatt123@gmail.com,Ranchi,Jharkhand,India,2020-09-15,VIP
470,Rajesh Sharma,rajesh.sharma221@outlook.com,Dehradun,Uttarakhand,India,2020-05-23,VIP
471,Pallavi Khan,pallavi.khan51@outlook.com,Hyderabad,Telangana,India,2019-03-05,VIP
472,Sandeep Chopra,sandeep.chopra767@yahoo.com,Chennai,Tamil Nadu,India,2023-07-05,Regular
473,Meera Mehta,meera.mehta64@yahoo.com,Nagpur,Maharashtra,India,2021-02-01,Regular
474,Ananya Malhotra,ananya.malhotra601@outlook.com,Kolkata,West Bengal,India,2019-02-14,VIP
475,Rahul Naidu,rahul.naidu662@hotmail.com,Kolkata,West Bengal,India,2024-01-28,VIP
476,Anjali Iyer,anjali.iyer44@hotmail.com,Visakhapatnam,Andhra Pradesh,India,2021-06-06,VIP
477,Pallavi Agarwal,pallavi.agarwal31@hotmail.com,Hyderabad,Telangana,India,2020-12-25,New
478,Kavya Kumar,kavya.kumar287@hotmail.com,Delhi,Delhi,India,2022-06-11,Regular
479,Neha Pillai,neha.pillai303@hotmail.com,Coimbatore,Tamil Nadu,India,2021-09-08,New
480,Sunita Gupta,sunita.gupta141@hotmail.com,Chandigarh,Punjab,India,2020-05-25,Regular
481,Yash Yadav,yash.yadav20@hotmail.com,Bhopal,Madhya Pradesh,India,2021-09-09,Regular
482,Tanvi Menon,tanvi.menon935@outlook.com,Hyderabad,Telangana,India,2019-02-23,New
483,Manish Mehta,manish.mehta918@outlook.com,Patna,Bihar,India,2021-12-20,Regular
484,Nidhi Joshi,nidhi.joshi998@yahoo.com,Ranchi,Jharkhand,India,2020-05-08,New
485,Sneha Mishra,sneha.mishra971@yahoo.com,Nagpur,Maharashtra,India,2020-12-27,VIP
486,Kavya Nair,kavya.nair243@outlook.com,Dehradun,Uttarakhand,India,2021-01-04,VIP
487,Priya Kapoor,priya.kapoor718@outlook.com,Visakhapatnam,Andhra Pradesh,India,2019-10-19,Regular
488,Rahul Chauhan,rahul.chauhan830@hotmail.com,Hyderabad,Telangana,India,2021-10-01,New
489,Sneha Joshi,sneha.joshi617@yahoo.com,Patna,Bihar,India,2019-01-02,New
490,Sakshi Patel,sakshi.patel826@yahoo.com,Hyderabad,Telangana,India,2024-02-25,VIP
491,Sanjay Sharma,sanjay.sharma23@yahoo.com,Bangalore,Karnataka,India,2023-05-05,New
492,Ishita Bhatt,ishita.bhatt374@gmail.com,Ranchi,Jharkhand,India,2021-03-21,Regular
493,Anjali Reddy,anjali.reddy331@yahoo.com,Noida,Uttar Pradesh,India,2024-04-26,Regular
494,Tanvi Pillai,tanvi.pillai325@yahoo.com,Coimbatore,Tamil Nadu,India,2022-11-21,VIP
495,Sakshi Yadav,sakshi.yadav366@yahoo.com,Hyderabad,Telangana,India,2021-02-13,New
496,Amit Singh,amit.singh182@gmail.com,Visakhapatnam,Andhra Pradesh,India,2021-03-12,VIP
497,Abhishek Sharma,abhishek.sharma187@outlook.com,Guwahati,Assam,India,2020-03-28,Regular
498,Karan Ghosh,karan.ghosh509@yahoo.com,Kolkata,West Bengal,India,2020-05-02,New
499,Sanjay Nair,sanjay.nair652@gmail.com,Ranchi,Jharkhand,India,2022-08-01,Regular
500,Anjali Tiwari,anjali.tiwari12@outlook.com,Dehradun,Uttarakhand,India,2019-05-19,Regular
501,Karan Saxena,karan.saxena2@gmail.com,Noida,Uttar Pradesh,India,2021-05-09,VIP
502,Gaurav Agarwal,gaurav.agarwal903@hotmail.com,Nagpur,Maharashtra,India,2019-07-27,VIP
503,Abhishek Pillai,abhishek.pillai777@yahoo.com,Kolkata,West Bengal,India,2023-06-25,VIP
504,Amit Mehta,amit.mehta327@outlook.com,Kolkata,West Bengal,India,2020-12-01,New
505,Nikhil Nair,nikhil.nair750@gmail.com,Kolkata,West Bengal,India,2020-11-23,Regular
506,Sakshi Naidu,sakshi.naidu495@gmail.com,Bhubaneswar,Odisha,India,2019-12-04,Regular
507,Ritika Nair,ritika.nair55@gmail.com,Ahmedabad,Gujarat,India,2021-04-18,Regular
508,Yash Kumar,yash.kumar677@outlook.com,Chennai,Tamil Nadu,India,2019-04-12,Regular
509,Komal Chauhan,komal.chauhan503@yahoo.com,Mumbai,Maharashtra,India,2021-05-25,New
510,Rajesh Agarwal,rajesh.agarwal205@gmail.com,Hyderabad,Telangana,India,2022-07-31,New
511,Ananya Agarwal,ananya.agarwal865@gmail.com,Nagpur,Maharashtra,India,2021-08-22,Regular
512,Ravi Das,ravi.das658@hotmail.com,Nagpur,Maharashtra,India,2021-01-26,New
513,Rohan Kumar,rohan.kumar451@hotmail.com,Jaipur,Rajasthan,India,2022-03-01,New
514,Karan Das,karan.das685@outlook.com,Surat,Gujarat,India,2024-06-11,Regular
515,Manish Chopra,manish.chopra63@hotmail.com,Surat,Gujarat,India,2024-05-31,Regular
516,Harsh Malhotra,harsh.malhotra903@yahoo.com,Kolkata,West Bengal,India,2021-03-19,VIP
517,Rohan Khan,rohan.khan585@yahoo.com,Gurugram,Haryana,India,2021-07-08,New
518,Suresh Patel,suresh.patel828@yahoo.com,Surat,Gujarat,India,2019-06-10,VIP
519,Ritika Patel,ritika.patel843@yahoo.com,Jaipur,Rajasthan,India,2020-10-16,VIP
520,Vikram Das,vikram.das398@hotmail.com,Jaipur,Rajasthan,India,2021-11-30,Regular
521,Arjun Yadav,arjun.yadav718@hotmail.com,Bangalore,Karnataka,India,2019-10-31,Regular
522,Nidhi Mishra,nidhi.mishra988@gmail.com,Visakhapatnam,Andhra Pradesh,India,2023-05-16,New
523,Amit Bhatt,amit.bhatt549@outlook.com,Jaipur,Rajasthan,India,2021-02-23,Regular
524,Abhishek Bansal,abhishek.bansal485@gmail.com,Nagpur,Maharashtra,India,2019-10-22,Regular
525,Pallavi Sharma,pallavi.sharma406@outlook.com,Delhi,Delhi,India,2023-03-08,Regular
526,Sunita Naidu,sunita.naidu382@gmail.com,Lucknow,Uttar Pradesh,India,2020-09-28,New
527,Tanvi Bhatt,tanvi.bhatt713@gmail.com,Pune,Maharashtra,India,2019-10-03,New
528,Sandeep Mishra,sandeep.mishra846@outlook.com,Surat,Gujarat,India,2022-05-23,Regular
529,Rahul Tiwari,rahul.tiwari217@hotmail.com,Gurugram,Haryana,India,2021-11-23,VIP
530,Sneha Khan,sneha.khan811@yahoo.com,Dehradun,Uttarakhand,India,2021-11-03,Regular
531,Ishita Naidu,ishita.naidu583@gmail.com,Ahmedabad,Gujarat,India,2023-09-11,New
532,Rohan Tiwari,rohan.tiwari52@outlook.com,Jaipur,Rajasthan,India,2021-01-24,VIP
533,Mohit Gupta,mohit.gupta651@gmail.com,Pune,Maharashtra,India,2021-02-01,Regular
534,Sandeep Nair,sandeep.nair984@hotmail.com,Bhopal,Madhya Pradesh,India,2020-12-06,New
535,Ravi Saxena,ravi.saxena851@gmail.com,Nagpur,Maharashtra,India,2019-04-12,New
536,Abhishek Mishra,abhishek.mishra989@yahoo.com,Bhubaneswar,Odisha,India,2020-04-06,Regular
537,Sunita Pillai,sunita.pillai420@gmail.com,Gurugram,Haryana,India,2022-10-29,New
538,Aditya Pillai,aditya.pillai178@gmail.com,Guwahati,Assam,India,2023-07-07,VIP
539,Sunita Verma,sunita.verma917@hotmail.com,Indore,Madhya Pradesh,India,2020-05-31,New
540,Deepika Desai,deepika.desai534@hotmail.com,Mumbai,Maharashtra,India,2021-11-13,VIP
541,Shreya Chopra,shreya.chopra663@outlook.com,Chennai,Tamil Nadu,India,2021-09-13,New
542,Sunita Pillai,sunita.pillai333@outlook.com,Dehradun,Uttarakhand,India,2024-05-04,VIP
543,Deepika Patel,deepika.patel154@yahoo.com,Guwahati,Assam,India,2021-04-07,Regular
544,Aditya Saxena,aditya.saxena27@hotmail.com,Jaipur,Rajasthan,India,2024-02-01,Regular
545,Nikhil Saxena,nikhil.saxena37@yahoo.com,Dehradun,Uttarakhand,India,2020-03-31,Regular
546,Harsh Ghosh,harsh.ghosh964@outlook.com,Hyderabad,Telangana,India,2023-09-18,Regular
547,Komal Nair,komal.nair301@gmail.com,Noida,Uttar Pradesh,India,2020-06-13,Regular
548,Komal Mishra,komal.mishra935@yahoo.com,Kochi,Kerala,India,2022-09-02,New
549,Vivek Joshi,vivek.joshi763@outlook.com,Kochi,Kerala,India,2021-01-31,New
550,Amit Tiwari,amit.tiwari872@gmail.com,Bhubaneswar,Odisha,India,2022-04-10,Regular
551,Sakshi Das,sakshi.das484@yahoo.com,Ranchi,Jharkhand,India,2021-02-20,Regular
552,Gaurav Sharma,gaurav.sharma892@yahoo.com,Ahmedabad,Gujarat,India,2020-12-02,Regular
553,Abhishek Naidu,abhishek.naidu929@hotmail.com,Dehradun,Uttarakhand,India,2020-01-05,Regular
554,Tanvi Rao,tanvi.rao647@yahoo.com,Delhi,Delhi,India,2019-01-10,Regular
555,Pooja Mishra,pooja.mishra793@yahoo.com,Hyderabad,Telangana,India,2021-09-29,Regular
556,Ananya Singh,ananya.singh630@hotmail.com,Nagpur,Maharashtra,India,2021-05-28,VIP
557,Nikhil Mehta,nikhil.mehta39@yahoo.com,Mumbai,Maharashtra,India,2024-01-01,New
558,Ishita Patel,ishita.patel19@gmail.com,Pune,Maharashtra,India,2020-04-08,Regular
559,Vivek Reddy,vivek.reddy133@gmail.com,Visakhapatnam,Andhra Pradesh,India,2020-09-18,New
560,Rohan Reddy,rohan.reddy972@outlook.com,Chandigarh,Punjab,India,2022-05-06,Regular
561,Ritika Naidu,ritika.naidu704@yahoo.com,Patna,Bihar,India,2021-01-05,Regular
562,Suresh Ghosh,suresh.ghosh941@hotmail.com,Pune,Maharashtra,India,2023-01-29,VIP
563,Pooja Saxena,pooja.saxena23@yahoo.com,Dehradun,Uttarakhand,India,2022-08-25,Regular
564,Nikhil Naidu,nikhil.naidu656@outlook.com,Guwahati,Assam,India,2019-04-10,Regular
565,Sneha Desai,sneha.desai111@gmail.com,Chennai,Tamil Nadu,India,2021-05-03,Regular
566,Meera Chopra,meera.chopra259@hotmail.com,Ahmedabad,Gujarat,India,2022-11-24,Regular
567,Arjun Reddy,arjun.reddy431@gmail.com,Jaipur,Rajasthan,India,2022-06-29,Regular
568,Aditya Verma,aditya.verma851@gmail.com,Guwahati,Assam,India,2019-08-30,New
569,Karan Agarwal,karan.agarwal204@yahoo.com,Chandigarh,Punjab,India,2024-06-15,New
570,Gaurav Reddy,gaurav.reddy165@gmail.com,Ahmedabad,Gujarat,India,2022-11-10,VIP
571,Anjali Joshi,anjali.joshi3@gmail.com,Chennai,Tamil Nadu,India,2023-09-07,Regular
572,Tanvi Singh,tanvi.singh973@gmail.com,Kolkata,West Bengal,India,2023-01-21,Regular
573,Ravi Pillai,ravi.pillai237@hotmail.com,Lucknow,Uttar Pradesh,India,2020-06-24,Regular
574,Karan Chauhan,karan.chauhan179@gmail.com,Bhopal,Madhya Pradesh,India,2023-06-30,Regular
575,Ritika Saxena,ritika.saxena119@gmail.com,Delhi,Delhi,India,2019-01-20,VIP
576,Suresh Rao,suresh.rao367@hotmail.com,Jaipur,Rajasthan,India,2023-12-05,Regular
577,Shreya Chauhan,shreya.chauhan351@yahoo.com,Nagpur,Maharashtra,India,2024-05-24,Regular
578,Nikhil Kapoor,nikhil.kapoor872@hotmail.com,Bhubaneswar,Odisha,India,2023-12-20,Regular
579,Meera Singh,meera.singh713@gmail.com,Hyderabad,Telangana,India,2019-08-01,Regular
580,Nidhi Agarwal,nidhi.agarwal822@hotmail.com,Nagpur,Maharashtra,India,2023-05-15,Regular
581,Priya Bhatt,priya.bhatt701@yahoo.com,Patna,Bihar,India,2019-08-20,VIP
582,Sandeep Sharma,sandeep.sharma65@outlook.com,Mumbai,Maharashtra,India,2022-12-13,VIP
583,Ishita Mishra,ishita.mishra762@yahoo.com,Ranchi,Jharkhand,India,2023-11-24,New
584,Ishita Kapoor,ishita.kapoor718@gmail.com,Noida,Uttar Pradesh,India,2020-05-24,Regular
585,Nikhil Singh,nikhil.singh860@gmail.com,Hyderabad,Telangana,India,2021-11-01,VIP
586,Tanvi Bhatt,tanvi.bhatt170@gmail.com,Kochi,Kerala,India,2020-05-08,New
587,Sunita Sharma,sunita.sharma520@yahoo.com,Nagpur,Maharashtra,India,2021-04-05,VIP
588,Ananya Tiwari,ananya.tiwari455@hotmail.com,Patna,Bihar,India,2021-07-04,New
589,Tanvi Saxena,tanvi.saxena670@gmail.com,Surat,Gujarat,India,2019-03-15,Regular
590,Arjun Chauhan,arjun.chauhan94@outlook.com,Coimbatore,Tamil Nadu,India,2020-02-28,Regular
591,Swati Rao,swati.rao373@gmail.com,Indore,Madhya Pradesh,India,2020-11-10,Regular
592,Sakshi Bansal,sakshi.bansal485@outlook.com,Chennai,Tamil Nadu,India,2019-07-19,Regular
593,Manish Mehta,manish.mehta350@outlook.com,Lucknow,Uttar Pradesh,India,2022-01-26,Regular
594,Karan Sharma,karan.sharma919@yahoo.com,Dehradun,Uttarakhand,India,2023-03-01,Regular
595,Karan Kumar,karan.kumar626@yahoo.com,Nagpur,Maharashtra,India,2020-03-17,Regular
596,Rahul Kapoor,rahul.kapoor347@gmail.com,Delhi,Delhi,India,2024-03-12,Regular
597,Nidhi Iyer,nidhi.iyer791@hotmail.com,Visakhapatnam,Andhra Pradesh,India,2024-05-12,Regular
598,Tanvi Mehta,tanvi.mehta544@gmail.com,Surat,Gujarat,India,2023-09-14,Regular
599,Mohit Mishra,mohit.mishra944@yahoo.com,Hyderabad,Telangana,India,2023-02-05,VIP
600,Karan Gupta,karan.gupta674@outlook.com,Nagpur,Maharashtra,India,2021-05-07,VIP
601,Neha Kumar,neha.kumar408@outlook.com,Indore,Madhya Pradesh,India,2023-07-07,New
602,Gaurav Bansal,gaurav.bansal717@outlook.com,Coimbatore,Tamil Nadu,India,2023-10-29,New
603,Komal Pillai,komal.pillai223@yahoo.com,Dehradun,Uttarakhand,India,2020-08-18,Regular
604,Aditya Kapoor,aditya.kapoor666@yahoo.com,Dehradun,Uttarakhand,India,2022-07-28,New
605,Meera Mishra,meera.mishra361@hotmail.com,Ranchi,Jharkhand,India,2022-12-25,Regular
606,Yash Reddy,yash.reddy899@hotmail.com,Chandigarh,Punjab,India,2019-08-07,New
607,Divya Sharma,divya.sharma687@gmail.com,Gurugram,Haryana,India,2023-05-28,New
608,Amit Desai,amit.desai257@yahoo.com,Dehradun,Uttarakhand,India,2023-05-26,New
609,Yash Sharma,yash.sharma368@hotmail.com,Ranchi,Jharkhand,India,2023-02-23,Regular
610,Manish Saxena,manish.saxena663@hotmail.com,Dehradun,Uttarakhand,India,2020-08-12,Regular
611,Sneha Ghosh,sneha.ghosh391@hotmail.com,Ranchi,Jharkhand,India,2020-10-02,VIP
612,Sneha Mehta,sneha.mehta762@outlook.com,Gurugram,Haryana,India,2023-10-29,VIP
613,Manish Ghosh,manish.ghosh649@outlook.com,Coimbatore,Tamil Nadu,India,2023-02-21,Regular
614,Rahul Reddy,rahul.reddy460@yahoo.com,Kolkata,West Bengal,India,2020-01-18,VIP
615,Mohit Iyer,mohit.iyer387@gmail.com,Coimbatore,Tamil Nadu,India,2020-06-25,New
616,Nidhi Bhatt,nidhi.bhatt262@gmail.com,Dehradun,Uttarakhand,India,2024-04-03,New
617,Divya Ghosh,divya.ghosh331@gmail.com,Bhubaneswar,Odisha,India,2022-06-14,VIP
618,Deepika Agarwal,deepika.agarwal809@outlook.com,Dehradun,Uttarakhand,India,2020-10-12,Regular
619,Kavya Khan,kavya.khan70@yahoo.com,Coimbatore,Tamil Nadu,India,2021-04-06,New
620,Manish Naidu,manish.naidu219@outlook.com,Lucknow,Uttar Pradesh,India,2020-03-23,VIP
621,Sakshi Khan,sakshi.khan487@gmail.com,Bhopal,Madhya Pradesh,India,2021-07-01,New
622,Sakshi Ghosh,sakshi.ghosh637@yahoo.com,Ranchi,Jharkhand,India,2023-12-19,New
623,Meera Gupta,meera.gupta263@outlook.com,Chandigarh,Punjab,India,2023-08-11,Regular
624,Mohit Yadav,mohit.yadav521@hotmail.com,Lucknow,Uttar Pradesh,India,2024-01-14,Regular
625,Sanjay Khan,sanjay.khan85@gmail.com,Gurugram,Haryana,India,2022-01-06,Regular
626,Vikram Patel,vikram.patel687@yahoo.com,Surat,Gujarat,India,2023-09-08,New
627,Yash Chauhan,yash.chauhan720@hotmail.com,Kolkata,West Bengal,India,2023-03-10,Regular
628,Priya Tiwari,priya.tiwari735@outlook.com,Kolkata,West Bengal,India,2019-04-22,New
629,Ravi Chopra,ravi.chopra73@yahoo.com,Surat,Gujarat,India,2021-03-05,Regular
630,Pallavi Verma,pallavi.verma324@gmail.com,Chennai,Tamil Nadu,India,2021-12-31,New
631,Sakshi Das,sakshi.das775@gmail.com,Kolkata,West Bengal,India,2021-01-02,VIP
632,Karan Reddy,karan.reddy806@outlook.com,Lucknow,Uttar Pradesh,India,2023-04-17,VIP
633,Nikhil Gupta,nikhil.gupta842@gmail.com,Coimbatore,Tamil Nadu,India,2020-03-26,New
634,Pallavi Yadav,pallavi.yadav817@outlook.com,Bangalore,Karnataka,India,2020-09-02,Regular
635,Shreya Mehta,shreya.mehta567@yahoo.com,Mumbai,Maharashtra,India,2022-03-18,Regular
636,Yash Chopra,yash.chopra970@gmail.com,Noida,Uttar Pradesh,India,2023-02-27,VIP
637,Vivek Patel,vivek.patel423@yahoo.com,Pune,Maharashtra,India,2022-06-17,VIP
638,Rahul Iyer,rahul.iyer186@gmail.com,Coimbatore,Tamil Nadu,India,2021-08-02,Regular
639,Vikram Reddy,vikram.reddy688@gmail.com,Ahmedabad,Gujarat,India,2023-01-26,Regular
640,Anjali Menon,anjali.menon132@yahoo.com,Guwahati,Assam,India,2019-05-23,VIP
641,Sanjay Agarwal,sanjay.agarwal462@outlook.com,Lucknow,Uttar Pradesh,India,2022-11-21,Regular
642,Abhishek Malhotra,abhishek.malhotra374@outlook.com,Hyderabad,Telangana,India,2019-01-10,New
643,Manish Kapoor,manish.kapoor758@hotmail.com,Bhopal,Madhya Pradesh,India,2019-10-03,Regular
644,Anjali Naidu,anjali.naidu492@hotmail.com,Gurugram,Haryana,India,2020-09-17,Regular
645,Karan Nair,karan.nair662@gmail.com,Bangalore,Karnataka,India,2023-12-31,Regular
646,Ravi Saxena,ravi.saxena908@gmail.com,Mumbai,Maharashtra,India,2023-10-06,Regular
647,Priya Chauhan,priya.chauhan596@hotmail.com,Ahmedabad,Gujarat,India,2024-01-31,New
648,Ravi Chopra,ravi.chopra916@hotmail.com,Bangalore,Karnataka,India,2021-01-19,Regular
649,Nidhi Saxena,nidhi.saxena878@outlook.com,Chandigarh,Punjab,India,2021-11-11,New
650,Shreya Khan,shreya.khan11@yahoo.com,Guwahati,Assam,India,2022-11-02,New
651,Mohit Singh,mohit.singh457@yahoo.com,Visakhapatnam,Andhra Pradesh,India,2022-09-12,VIP
652,Divya Saxena,divya.saxena750@hotmail.com,Delhi,Delhi,India,2020-03-24,Regular
653,Manish Das,manish.das271@outlook.com,Ranchi,Jharkhand,India,2020-02-28,Regular
654,Shreya Gupta,shreya.gupta481@hotmail.com,Delhi,Delhi,India,2022-08-21,New
655,Ishita Pillai,ishita.pillai850@outlook.com,Jaipur,Rajasthan,India,2022-03-31,Regular
656,Kavya Gupta,kavya.gupta670@hotmail.com,Bhubaneswar,Odisha,India,2024-01-14,VIP
657,Ishita Kumar,ishita.kumar386@yahoo.com,Bhopal,Madhya Pradesh,India,2023-08-01,VIP
658,Tanvi Yadav,tanvi.yadav494@gmail.com,Bangalore,Karnataka,India,2021-06-19,New
659,Vikram Khan,vikram.khan659@outlook.com,Hyderabad,Telangana,India,2019-11-19,Regular
660,Meera Desai,meera.desai236@hotmail.com,Noida,Uttar Pradesh,India,2019-08-21,Regular
661,Harsh Agarwal,harsh.agarwal216@yahoo.com,Surat,Gujarat,India,2019-02-15,New
662,Aditya Malhotra,aditya.malhotra607@yahoo.com,Chandigarh,Punjab,India,2019-03-22,VIP
663,Divya Sharma,divya.sharma171@outlook.com,Chandigarh,Punjab,India,2024-05-16,Regular
664,Abhishek Pillai,abhishek.pillai20@outlook.com,Ahmedabad,Gujarat,India,2021-07-08,Regular
665,Harsh Bhatt,harsh.bhatt494@yahoo.com,Surat,Gujarat,India,2022-05-15,New
666,Nidhi Chauhan,nidhi.chauhan786@yahoo.com,Chandigarh,Punjab,India,2020-06-25,New
667,Anjali Ghosh,anjali.ghosh465@gmail.com,Nagpur,Maharashtra,India,2019-09-28,New
668,Rahul Khan,rahul.khan881@hotmail.com,Guwahati,Assam,India,2019-07-17,New
669,Sakshi Bansal,sakshi.bansal40@gmail.com,Ranchi,Jharkhand,India,2019-09-24,VIP
670,Yash Chauhan,yash.chauhan2@hotmail.com,Bhopal,Madhya Pradesh,India,2023-11-27,New
671,Ishita Verma,ishita.verma235@hotmail.com,Nagpur,Maharashtra,India,2020-12-18,Regular
672,Abhishek Iyer,abhishek.iyer436@yahoo.com,Gurugram,Haryana,India,2020-04-21,VIP
673,Ananya Reddy,ananya.reddy613@hotmail.com,Mumbai,Maharashtra,India,2022-12-23,Regular
674,Arjun Malhotra,arjun.malhotra536@gmail.com,Nagpur,Maharashtra,India,2022-09-02,New
675,Sanjay Verma,sanjay.verma371@gmail.com,Bhubaneswar,Odisha,India,2022-04-13,New
676,Yash Verma,yash.verma579@outlook.com,Ranchi,Jharkhand,India,2021-03-24,Regular
677,Gaurav Chopra,gaurav.chopra803@hotmail.com,Coimbatore,Tamil Nadu,India,2022-02-10,Regular
678,Deepika Malhotra,deepika.malhotra353@hotmail.com,Ranchi,Jharkhand,India,2019-09-01,Regular
679,Sandeep Yadav,sandeep.yadav717@yahoo.com,Chandigarh,Punjab,India,2021-03-31,Regular
680,Komal Bansal,komal.bansal714@gmail.com,Bhubaneswar,Odisha,India,2019-01-11,VIP
681,Divya Agarwal,divya.agarwal949@hotmail.com,Jaipur,Rajasthan,India,2020-03-30,Regular
682,Rajesh Sharma,rajesh.sharma742@hotmail.com,Nagpur,Maharashtra,India,2022-06-11,Regular
683,Amit Kapoor,amit.kapoor987@gmail.com,Hyderabad,Telangana,India,2022-08-04,Regular
684,Arjun Patel,arjun.patel871@outlook.com,Guwahati,Assam,India,2021-11-11,Regular
685,Manish Bansal,manish.bansal174@gmail.com,Bhubaneswar,Odisha,India,2019-01-01,VIP
686,Ananya Kumar,ananya.kumar799@hotmail.com,Nagpur,Maharashtra,India,2021-04-10,Regular
687,Ishita Mehta,ishita.mehta755@gmail.com,Coimbatore,Tamil Nadu,India,2020-08-05,Regular
688,Komal Ghosh,komal.ghosh597@outlook.com,Jaipur,Rajasthan,India,2020-04-08,Regular
689,Rahul Tiwari,rahul.tiwari953@hotmail.com,Jaipur,Rajasthan,India,2019-12-25,Regular
690,Karan Chopra,karan.chopra75@outlook.com,Chennai,Tamil Nadu,India,2023-07-03,Regular
691,Ravi Naidu,ravi.naidu551@outlook.com,Nagpur,Maharashtra,India,2022-02-27,Regular
692,Neha Mishra,neha.mishra348@hotmail.com,Visakhapatnam,Andhra Pradesh,India,2023-11-01,New
693,Meera Kumar,meera.kumar70@hotmail.com,Pune,Maharashtra,India,2022-10-18,Regular
694,Sanjay Verma,sanjay.verma979@outlook.com,Mumbai,Maharashtra,India,2022-12-06,VIP
695,Neha Reddy,neha.reddy96@hotmail.com,Kochi,Kerala,India,2019-06-05,Regular
696,Kavya Agarwal,kavya.agarwal322@outlook.com,Visakhapatnam,Andhra Pradesh,India,2020-07-05,New
697,Rahul Agarwal,rahul.agarwal755@yahoo.com,Pune,Maharashtra,India,2023-11-23,New
698,Manish Patel,manish.patel855@yahoo.com,Bhopal,Madhya Pradesh,India,2019-11-16,Regular
699,Meera Ghosh,meera.ghosh81@hotmail.com,Gurugram,Haryana,India,2023-10-22,Regular
700,Rohan Bhatt,rohan.bhatt494@outlook.com,Patna,Bihar,India,2024-01-14,VIP
701,Abhishek Bhatt,abhishek.bhatt282@hotmail.com,Gurugram,Haryana,India,2024-02-19,Regular
702,Pallavi Joshi,pallavi.joshi769@yahoo.com,Surat,Gujarat,India,2021-09-06,VIP
703,Rohan Khan,rohan.khan356@hotmail.com,Gurugram,Haryana,India,2019-12-24,Regular
704,Meera Kapoor,meera.kapoor531@hotmail.com,Mumbai,Maharashtra,India,2019-01-25,Regular
705,Nikhil Malhotra,nikhil.malhotra104@outlook.com,Jaipur,Rajasthan,India,2020-01-19,Regular
706,Neha Kumar,neha.kumar483@outlook.com,Patna,Bihar,India,2021-05-18,New
707,Shreya Menon,shreya.menon875@hotmail.com,Hyderabad,Telangana,India,2022-03-16,New
708,Abhishek Desai,abhishek.desai235@gmail.com,Pune,Maharashtra,India,2022-02-11,Regular
709,Nikhil Patel,nikhil.patel150@yahoo.com,Mumbai,Maharashtra,India,2019-12-28,Regular
710,Aditya Naidu,aditya.naidu870@outlook.com,Lucknow,Uttar Pradesh,India,2020-05-28,Regular
711,Abhishek Sharma,abhishek.sharma408@gmail.com,Delhi,Delhi,India,2020-03-17,VIP
712,Harsh Chauhan,harsh.chauhan645@gmail.com,Kochi,Kerala,India,2020-06-16,Regular
713,Komal Chopra,komal.chopra955@outlook.com,Surat,Gujarat,India,2019-09-06,Regular
714,Rajesh Patel,rajesh.patel591@yahoo.com,Lucknow,Uttar Pradesh,India,2020-12-28,New
715,Mohit Agarwal,mohit.agarwal794@hotmail.com,Nagpur,Maharashtra,India,2022-06-10,New
716,Divya Bhatt,divya.bhatt172@outlook.com,Guwahati,Assam,India,2022-03-16,Regular
717,Vikram Das,vikram.das166@outlook.com,Kochi,Kerala,India,2022-08-30,New
718,Sunita Bansal,sunita.bansal661@hotmail.com,Indore,Madhya Pradesh,India,2023-05-19,VIP
719,Shreya Saxena,shreya.saxena602@hotmail.com,Hyderabad,Telangana,India,2023-10-16,New
720,Neha Desai,neha.desai258@gmail.com,Nagpur,Maharashtra,India,2019-07-30,New
721,Harsh Chopra,harsh.chopra56@gmail.com,Chandigarh,Punjab,India,2023-04-16,VIP
722,Karan Kumar,karan.kumar633@yahoo.com,Nagpur,Maharashtra,India,2020-09-25,New
723,Amit Tiwari,amit.tiwari642@yahoo.com,Hyderabad,Telangana,India,2019-02-28,New
724,Vivek Bhatt,vivek.bhatt938@outlook.com,Indore,Madhya Pradesh,India,2024-06-19,VIP
725,Sunita Chopra,sunita.chopra456@yahoo.com,Dehradun,Uttarakhand,India,2022-01-09,New
726,Rajesh Tiwari,rajesh.tiwari647@hotmail.com,Bhubaneswar,Odisha,India,2021-12-29,New
727,Vivek Agarwal,vivek.agarwal553@yahoo.com,Indore,Madhya Pradesh,India,2020-09-22,Regular
728,Ravi Singh,pallavi.khan81@hotmail.com,Bhopal,Madhya Pradesh,India,2020-08-10,Regular
729,Arjun Kapoor,arjun.kapoor945@hotmail.com,Patna,Bihar,India,2020-09-05,New
730,Ritika Yadav,ritika.yadav300@yahoo.com,Coimbatore,Tamil Nadu,India,2021-02-04,New
731,Komal Verma,komal.verma405@yahoo.com,Noida,Uttar Pradesh,India,2022-08-15,Regular
732,Nikhil Joshi,nikhil.joshi270@gmail.com,Pune,Maharashtra,India,2021-11-24,Regular
733,Sakshi Yadav,sakshi.yadav711@outlook.com,Noida,Uttar Pradesh,India,2021-12-25,VIP
734,Gaurav Patel,gaurav.patel874@gmail.com,Lucknow,Uttar Pradesh,India,2019-08-15,Regular
735,Sakshi Tiwari,sakshi.tiwari279@hotmail.com,Mumbai,Maharashtra,India,2019-11-08,New
736,Yash Mehta,yash.mehta191@gmail.com,Bangalore,Karnataka,India,2023-01-04,Regular
737,Arjun Joshi,arjun.joshi93@yahoo.com,Ahmedabad,Gujarat,India,2020-12-01,Regular
738,Tanvi Menon,tanvi.menon475@gmail.com,Gurugram,Haryana,India,2024-05-02,New
739,Sunita Mishra,sunita.mishra402@gmail.com,Hyderabad,Telangana,India,2020-01-29,VIP
740,Ravi Chauhan,ravi.chauhan391@gmail.com,Gurugram,Haryana,India,2023-01-03,New
741,Sandeep Joshi,sandeep.joshi756@gmail.com,Noida,Uttar Pradesh,India,2023-04-28,New
742,Pooja Agarwal,pooja.agarwal399@outlook.com,Hyderabad,Telangana,India,2022-07-12,Regular
743,Komal Khan,komal.khan126@outlook.com,Lucknow,Uttar Pradesh,India,2020-02-11,Regular
744,Sneha Bhatt,sneha.bhatt683@yahoo.com,Pune,Maharashtra,India,2022-07-20,Regular
745,Arjun Nair,arjun.nair814@outlook.com,Nagpur,Maharashtra,India,2023-06-05,New
746,Rohan Malhotra,rohan.malhotra803@hotmail.com,Bangalore,Karnataka,India,2021-01-30,Regular
747,Neha Nair,neha.nair512@gmail.com,Kochi,Kerala,India,2024-03-21,VIP
748,Sneha Sharma,sneha.sharma365@yahoo.com,Chennai,Tamil Nadu,India,2019-09-15,Regular
749,Sanjay Chopra,sanjay.chopra808@outlook.com,Indore,Madhya Pradesh,India,2023-02-10,New
750,Nikhil Menon,nikhil.menon742@yahoo.com,Delhi,Delhi,India,2021-09-20,Regular
751,Komal Reddy,komal.reddy556@hotmail.com,Hyderabad,Telangana,India,2022-01-18,New
752,Swati Kumar,swati.kumar889@yahoo.com,Bangalore,Karnataka,India,2021-07-09,New
753,Ravi Chopra,karan.ghosh509@yahoo.com,Chandigarh,Punjab,India,2021-02-15,Regular
754,Priya Bansal,priya.bansal878@outlook.com,Pune,Maharashtra,India,2020-10-18,Regular
755,Yash Chauhan,yash.chauhan397@yahoo.com,Patna,Bihar,India,2023-04-18,Regular
756,Sakshi Reddy,sakshi.reddy331@hotmail.com,Chennai,Tamil Nadu,India,2019-07-17,Regular
757,Vikram Sharma,vikram.sharma856@yahoo.com,Delhi,Delhi,India,2020-02-18,New
758,Rahul Iyer,rahul.iyer33@hotmail.com,Chandigarh,Punjab,India,2022-07-01,Regular
759,Ravi Sharma,ravi.sharma376@yahoo.com,Kolkata,West Bengal,India,2019-01-27,VIP
760,Pooja Pillai,pooja.pillai504@gmail.com,Bhubaneswar,Odisha,India,2019-05-05,Regular
761,Gaurav Chauhan,gaurav.chauhan378@gmail.com,Jaipur,Rajasthan,India,2021-12-19,New
762,Vikram Chauhan,vikram.chauhan312@gmail.com,Chandigarh,Punjab,India,2019-07-18,New
763,Manish Chopra,manish.chopra395@yahoo.com,Ranchi,Jharkhand,India,2020-05-24,Regular
764,Kavya Chopra,kavya.chopra768@hotmail.com,Gurugram,Haryana,India,2022-07-31,Regular
765,Swati Kapoor,swati.kapoor682@hotmail.com,Hyderabad,Telangana,India,2023-06-11,New
766,Pallavi Khan,pallavi.khan346@yahoo.com,Guwahati,Assam,India,2021-06-26,VIP
767,Sanjay Chopra,sanjay.chopra333@outlook.com,Bhubaneswar,Odisha,India,2021-05-31,VIP
768,Sanjay Bansal,sanjay.bansal247@yahoo.com,Coimbatore,Tamil Nadu,India,2024-03-11,Regular
769,Shreya Tiwari,deepika.patel394@hotmail.com,Lucknow,Uttar Pradesh,India,2022-05-05,New
770,Aditya Naidu,aditya.naidu310@gmail.com,Pune,Maharashtra,India,2020-03-15,VIP
771,Priya Mishra,priya.mishra842@outlook.com,Chandigarh,Punjab,India,2022-02-13,Regular
772,Abhishek Singh,abhishek.singh97@gmail.com,Bangalore,Karnataka,India,2019-10-11,New
773,Nidhi Joshi,nidhi.joshi239@outlook.com,Kolkata,West Bengal,India,2022-03-14,Regular
774,Pooja Saxena,pooja.saxena80@outlook.com,Hyderabad,Telangana,India,2021-09-26,VIP
775,Abhishek Chauhan,abhishek.chauhan930@gmail.com,Lucknow,Uttar Pradesh,India,2019-03-18,Regular
776,Abhishek Gupta,abhishek.gupta81@gmail.com,Kochi,Kerala,India,2020-12-13,VIP
777,Ritika Verma,ritika.verma953@gmail.com,Pune,Maharashtra,India,2023-03-12,Regular
778,Rajesh Ghosh,rajesh.ghosh12@hotmail.com,Chandigarh,Punjab,India,2019-03-26,New
779,Abhishek Singh,abhishek.singh335@yahoo.com,Ranchi,Jharkhand,India,2023-02-07,VIP
780,Sandeep Mishra,sandeep.mishra610@gmail.com,Lucknow,Uttar Pradesh,India,2023-05-30,Regular
781,Aditya Rao,aditya.rao85@hotmail.com,Delhi,Delhi,India,2022-01-27,Regular
782,Ananya Gupta,ananya.gupta514@hotmail.com,Bangalore,Karnataka,India,2023-04-10,New
783,Komal Patel,komal.patel500@hotmail.com,Ahmedabad,Gujarat,India,2022-02-23,Regular
784,Ishita Joshi,ishita.joshi249@gmail.com,Surat,Gujarat,India,2020-10-24,Regular
785,Abhishek Das,abhishek.das116@hotmail.com,Bhopal,Madhya Pradesh,India,2020-01-26,New
786,Rajesh Pillai,rajesh.pillai25@outlook.com,Bhopal,Madhya Pradesh,India,2022-06-16,VIP
787,Sandeep Bansal,sandeep.bansal150@hotmail.com,Pune,Maharashtra,India,2020-02-13,Regular
788,Divya Mishra,divya.mishra746@gmail.com,Delhi,Delhi,India,2020-05-12,VIP
789,Divya Bhatt,divya.bhatt853@outlook.com,Dehradun,Uttarakhand,India,2023-07-06,New
790,Sandeep Agarwal,sandeep.agarwal24@outlook.com,Coimbatore,Tamil Nadu,India,2020-03-09,New
791,Ishita Mishra,ishita.mishra265@hotmail.com,Bangalore,Karnataka,India,2022-11-24,Regular
792,Priya Gupta,priya.gupta597@gmail.com,Delhi,Delhi,India,2020-08-04,New
793,Sakshi Kumar,sakshi.kumar55@hotmail.com,Mumbai,Maharashtra,India,2019-05-17,Regular
794,Sunita Desai,sunita.desai873@outlook.com,Mumbai,Maharashtra,India,2020-08-22,VIP
795,Nikhil Joshi,nikhil.joshi390@gmail.com,Patna,Bihar,India,2023-11-11,Regular
796,Ananya Nair,ananya.nair204@hotmail.com,Dehradun,Uttarakhand,India,2019-02-14,New
797,Ishita Reddy,ishita.reddy342@hotmail.com,Hyderabad,Telangana,India,2019-02-07,New
798,Vivek Menon,vivek.menon641@outlook.com,Chandigarh,Punjab,India,2020-07-18,VIP
799,Ravi Naidu,ravi.naidu397@gmail.com,Jaipur,Rajasthan,India,2020-04-06,New
800,Pallavi Desai,pallavi.desai141@gmail.com,Chandigarh,Punjab,India,2024-05-21,Regular
801,Manish Verma,manish.verma247@yahoo.com,Lucknow,Uttar Pradesh,India,2024-02-07,Regular
802,Sandeep Chopra,sandeep.chopra135@yahoo.com,Visakhapatnam,Andhra Pradesh,India,2022-01-13,Regular
803,Rahul Bhatt,rahul.bhatt142@outlook.com,Chandigarh,Punjab,India,2024-02-06,New
804,Divya Pillai,divya.pillai956@yahoo.com,Coimbatore,Tamil Nadu,India,2021-12-27,VIP
805,Meera Nair,meera.nair326@yahoo.com,Gurugram,Haryana,India,2020-10-14,VIP
806,Gaurav Verma,gaurav.verma311@hotmail.com,Bhubaneswar,Odisha,India,2024-03-26,Regular
807,Divya Mishra,divya.mishra193@gmail.com,Mumbai,Maharashtra,India,2023-04-11,VIP
808,Sakshi Kumar,sakshi.kumar621@yahoo.com,Pune,Maharashtra,India,2022-11-08,New
809,Ananya Kapoor,ananya.kapoor799@hotmail.com,Guwahati,Assam,India,2021-08-18,Regular
810,Shreya Nair,shreya.nair873@hotmail.com,Bangalore,Karnataka,India,2019-12-02,New
811,Rohan Verma,rohan.verma783@gmail.com,Surat,Gujarat,India,2020-03-31,Regular
812,Rahul Mishra,rahul.mishra210@gmail.com,Indore,Madhya Pradesh,India,2023-11-11,Regular
813,Sanjay Bhatt,sanjay.bhatt469@yahoo.com,Gurugram,Haryana,India,2019-03-27,Regular
814,Nikhil Saxena,nikhil.saxena321@hotmail.com,Noida,Uttar Pradesh,India,2022-03-17,Regular
815,Ishita Pillai,ishita.pillai897@gmail.com,Indore,Madhya Pradesh,India,2021-07-24,VIP
816,Rohan Naidu,rohan.naidu252@hotmail.com,Delhi,Delhi,India,2022-02-16,Regular
817,Sneha Patel,sneha.patel299@hotmail.com,Lucknow,Uttar Pradesh,India,2023-05-04,VIP
818,Swati Nair,swati.nair433@outlook.com,Delhi,Delhi,India,2022-11-14,Regular
819,Divya Tiwari,divya.tiwari850@hotmail.com,Chandigarh,Punjab,India,2019-08-20,New
820,Nidhi Naidu,nidhi.naidu713@yahoo.com,Kochi,Kerala,India,2021-07-12,New
821,Swati Malhotra,swati.malhotra919@yahoo.com,Kolkata,West Bengal,India,2020-05-27,New
822,Suresh Kapoor,suresh.kapoor751@gmail.com,Dehradun,Uttarakhand,India,2021-07-09,Regular
823,Ananya Khan,ananya.khan725@hotmail.com,Chandigarh,Punjab,India,2022-06-07,VIP
824,Nikhil Chopra,nikhil.chopra390@gmail.com,Kochi,Kerala,India,2022-03-04,VIP
825,Divya Nair,divya.nair890@yahoo.com,Dehradun,Uttarakhand,India,2019-04-16,Regular
826,Deepika Saxena,deepika.saxena788@hotmail.com,Hyderabad,Telangana,India,2019-08-29,VIP
827,Rahul Mehta,rahul.mehta638@outlook.com,Patna,Bihar,India,2023-10-18,Regular
828,Arjun Bansal,arjun.bansal904@hotmail.com,Visakhapatnam,Andhra Pradesh,India,2022-09-12,Regular
829,Gaurav Tiwari,gaurav.tiwari82@gmail.com,Coimbatore,Tamil Nadu,India,2020-07-23,Regular
830,Komal Chauhan,komal.chauhan846@yahoo.com,Bangalore,Karnataka,India,2019-04-23,Regular
831,Rohan Singh,rohan.singh875@gmail.com,Guwahati,Assam,India,2020-09-03,New
832,Ananya Sharma,ananya.sharma112@hotmail.com,Hyderabad,Telangana,India,2022-10-08,New
833,Rajesh Malhotra,rajesh.malhotra807@yahoo.com,Noida,Uttar Pradesh,India,2022-03-31,Regular
834,Rohan Das,rohan.das787@outlook.com,Nagpur,Maharashtra,India,2023-08-07,New
835,Ritika Chauhan,ritika.chauhan564@gmail.com,Bangalore,Karnataka,India,2019-09-07,Regular
836,Sunita Rao,sunita.rao540@hotmail.com,Dehradun,Uttarakhand,India,2020-03-04,Regular
837,Karan Malhotra,karan.malhotra748@gmail.com,Dehradun,Uttarakhand,India,2022-05-23,VIP
838,Amit Verma,amit.verma624@outlook.com,Visakhapatnam,Andhra Pradesh,India,2022-06-30,Regular
839,Aditya Bansal,aditya.bansal577@hotmail.com,Bhubaneswar,Odisha,India,2021-10-16,Regular
840,Kavya Naidu,kavya.naidu625@yahoo.com,Ahmedabad,Gujarat,India,2019-01-04,New
841,Swati Pillai,swati.pillai816@gmail.com,Ahmedabad,Gujarat,India,2023-06-26,Regular
842,Gaurav Verma,gaurav.verma47@outlook.com,Bhubaneswar,Odisha,India,2020-03-10,New
843,Rahul Kapoor,rahul.kapoor289@outlook.com,Lucknow,Uttar Pradesh,India,2020-09-06,Regular
844,Sanjay Mishra,sanjay.mishra7@gmail.com,Kochi,Kerala,India,2021-03-22,Regular
845,Sakshi Mehta,sakshi.mehta853@yahoo.com,Kochi,Kerala,India,2024-03-03,Regular
846,Harsh Yadav,harsh.yadav37@yahoo.com,Bhubaneswar,Odisha,India,2021-08-01,VIP
847,Yash Naidu,yash.naidu344@hotmail.com,Surat,Gujarat,India,2024-03-15,Regular
848,Ishita Reddy,ishita.reddy579@outlook.com,Mumbai,Maharashtra,India,2020-03-02,Regular
849,Anjali Yadav,anjali.yadav939@outlook.com,Bangalore,Karnataka,India,2020-07-28,VIP
850,Anjali Gupta,anjali.gupta642@yahoo.com,Nagpur,Maharashtra,India,2020-01-19,Regular
851,Deepika Kapoor,deepika.kapoor879@outlook.com,Jaipur,Rajasthan,India,2021-04-27,New
852,Neha Menon,neha.menon463@outlook.com,Lucknow,Uttar Pradesh,India,2019-12-25,New
853,Rohan Mishra,rohan.mishra207@gmail.com,Mumbai,Maharashtra,India,2023-06-25,Regular
854,Mohit Singh,mohit.singh195@outlook.com,Noida,Uttar Pradesh,India,2023-11-25,Regular
855,Sanjay Singh,sanjay.singh788@gmail.com,Chandigarh,Punjab,India,2022-10-17,VIP
856,Pooja Saxena,pooja.saxena38@hotmail.com,Chandigarh,Punjab,India,2019-08-26,New
857,Rohan Desai,rohan.desai869@gmail.com,Delhi,Delhi,India,2019-07-31,Regular
858,Deepika Mehta,deepika.mehta592@outlook.com,Ahmedabad,Gujarat,India,2020-10-19,New
859,Amit Kumar,amit.kumar546@outlook.com,Ranchi,Jharkhand,India,2019-08-29,New
860,Suresh Kumar,suresh.kumar118@gmail.com,Coimbatore,Tamil Nadu,India,2021-11-18,New
861,Yash Menon,yash.menon563@outlook.com,Dehradun,Uttarakhand,India,2023-07-05,New
862,Neha Nair,neha.nair73@outlook.com,Kochi,Kerala,India,2022-01-12,Regular
863,Aditya Mehta,aditya.mehta483@gmail.com,Delhi,Delhi,India,2019-06-26,Regular
864,Kavya Kapoor,kavya.kapoor611@hotmail.com,Lucknow,Uttar Pradesh,India,2020-11-11,VIP
865,Yash Das,yash.das998@hotmail.com,Kolkata,West Bengal,India,2023-07-23,VIP
866,Swati Iyer,swati.iyer467@outlook.com,Dehradun,Uttarakhand,India,2023-04-19,Regular
867,Manish Joshi,manish.joshi148@outlook.com,Nagpur,Maharashtra,India,2020-01-11,Regular
868,Anjali Yadav,anjali.yadav882@outlook.com,Mumbai,Maharashtra,India,2019-05-14,Regular
869,Vivek Agarwal,vivek.agarwal473@yahoo.com,Bhopal,Madhya Pradesh,India,2022-05-22,Regular
870,Mohit Iyer,mohit.iyer416@gmail.com,Bhubaneswar,Odisha,India,2019-05-26,Regular
871,Yash Tiwari,yash.tiwari411@hotmail.com,Pune,Maharashtra,India,2022-01-27,New
872,Harsh Gupta,harsh.gupta68@outlook.com,Dehradun,Uttarakhand,India,2022-04-25,Regular
873,Ritika Malhotra,ritika.malhotra807@outlook.com,Pune,Maharashtra,India,2019-12-21,Regular
874,Vikram Saxena,vikram.saxena954@hotmail.com,Guwahati,Assam,India,2021-08-06,New
875,Karan Chauhan,karan.chauhan456@yahoo.com,Nagpur,Maharashtra,India,2019-05-23,Regular
876,Rajesh Mishra,rajesh.mishra840@hotmail.com,Bhubaneswar,Odisha,India,2022-09-14,New
877,Pooja Chauhan,pooja.chauhan143@gmail.com,Ranchi,Jharkhand,India,2019-11-02,Regular
878,Amit Gupta,amit.gupta631@hotmail.com,Ranchi,Jharkhand,India,2023-12-02,New
879,Abhishek Yadav,abhishek.yadav936@outlook.com,Surat,Gujarat,India,2023-01-10,VIP
880,Vivek Das,vivek.das597@gmail.com,Chandigarh,Punjab,India,2021-04-07,VIP
881,Amit Sharma,sunita.rao849@outlook.com,Bhopal,Madhya Pradesh,India,2019-08-13,VIP
882,Priya Joshi,priya.joshi443@hotmail.com,Dehradun,Uttarakhand,India,2021-02-22,Regular
883,Ritika Chopra,ritika.chopra217@yahoo.com,Ahmedabad,Gujarat,India,2022-02-11,Regular
884,Shreya Chauhan,shreya.chauhan428@yahoo.com,Ranchi,Jharkhand,India,2019-09-15,New
885,Vikram Pillai,vikram.pillai17@yahoo.com,Patna,Bihar,India,2022-09-09,Regular
886,Aditya Das,aditya.das141@hotmail.com,Dehradun,Uttarakhand,India,2022-05-22,VIP
887,Sakshi Nair,sakshi.nair466@hotmail.com,Indore,Madhya Pradesh,India,2021-02-26,Regular
888,Kavya Verma,kavya.verma620@gmail.com,Noida,Uttar Pradesh,India,2020-04-29,Regular
889,Sunita Verma,sunita.verma949@outlook.com,Delhi,Delhi,India,2022-03-09,Regular
890,Shreya Iyer,shreya.iyer595@hotmail.com,Kolkata,West Bengal,India,2019-10-18,Regular
891,Ishita Bhatt,ishita.bhatt769@outlook.com,Kolkata,West Bengal,India,2021-12-07,VIP
892,Ananya Joshi,ananya.joshi484@gmail.com,Coimbatore,Tamil Nadu,India,2023-06-23,Regular
893,Sakshi Sharma,sakshi.sharma926@outlook.com,Mumbai,Maharashtra,India,2021-08-18,Regular
894,Harsh Malhotra,harsh.malhotra752@outlook.com,Lucknow,Uttar Pradesh,India,2020-08-15,New
895,Rajesh Saxena,rajesh.saxena312@outlook.com,Patna,Bihar,India,2022-03-30,New
896,Sneha Desai,sneha.desai299@gmail.com,Kolkata,West Bengal,India,2019-09-17,Regular
897,Sunita Kumar,sunita.kumar136@outlook.com,Jaipur,Rajasthan,India,2019-01-30,Regular
898,Rajesh Nair,rajesh.nair932@yahoo.com,Bhopal,Madhya Pradesh,India,2023-07-13,New
899,Neha Agarwal,neha.agarwal186@gmail.com,Kolkata,West Bengal,India,2024-06-04,New
900,Divya Chauhan,divya.chauhan508@hotmail.com,Pune,Maharashtra,India,2022-09-15,Regular
901,Suresh Patel,suresh.patel592@outlook.com,Jaipur,Rajasthan,India,2023-03-28,VIP
902,Sneha Nair,sneha.nair476@hotmail.com,Patna,Bihar,India,2023-03-09,VIP
903,Yash Joshi,yash.joshi389@hotmail.com,Bangalore,Karnataka,India,2021-12-22,VIP
904,Arjun Reddy,arjun.reddy950@hotmail.com,Kochi,Kerala,India,2024-05-23,Regular
905,Rohan Iyer,rohan.iyer940@outlook.com,Surat,Gujarat,India,2022-06-04,VIP
906,Sunita Rao,sunita.rao277@outlook.com,Jaipur,Rajasthan,India,2022-09-02,Regular
907,Swati Mishra,swati.mishra692@yahoo.com,Visakhapatnam,Andhra Pradesh,India,2023-04-27,New
908,Anjali Desai,anjali.desai707@yahoo.com,Mumbai,Maharashtra,India,2022-10-09,New
909,Vikram Mehta,vikram.mehta422@gmail.com,Ranchi,Jharkhand,India,2021-07-02,Regular
910,Amit Kumar,amit.kumar198@gmail.com,Kolkata,West Bengal,India,2019-04-27,VIP
911,Pooja Bansal,pooja.bansal654@gmail.com,Chennai,Tamil Nadu,India,2019-06-26,VIP
912,Aditya Gupta,aditya.gupta673@yahoo.com,Dehradun,Uttarakhand,India,2020-01-13,New
913,Swati Desai,swati.desai959@gmail.com,Jaipur,Rajasthan,India,2023-04-25,Regular
914,Sanjay Kumar,sanjay.kumar166@gmail.com,Delhi,Delhi,India,2021-02-22,Regular
915,Sneha Kumar,sneha.kumar979@outlook.com,Kolkata,West Bengal,India,2021-10-04,VIP
916,Rahul Bansal,rahul.bansal403@yahoo.com,Chennai,Tamil Nadu,India,2019-10-22,Regular
917,Ritika Patel,ritika.patel629@gmail.com,Dehradun,Uttarakhand,India,2020-06-14,New
918,Vikram Das,vikram.das586@outlook.com,Mumbai,Maharashtra,India,2024-01-11,Regular
919,Arjun Ghosh,arjun.ghosh39@hotmail.com,Dehradun,Uttarakhand,India,2020-11-06,VIP
920,Abhishek Mehta,abhishek.mehta528@hotmail.com,Nagpur,Maharashtra,India,2023-09-25,Regular
921,Vikram Chopra,vikram.chopra232@gmail.com,Dehradun,Uttarakhand,India,2023-08-03,Regular
922,Meera Malhotra,meera.malhotra549@outlook.com,Lucknow,Uttar Pradesh,India,2021-03-31,New
923,Ananya Menon,ananya.menon548@outlook.com,Indore,Madhya Pradesh,India,2023-04-07,Regular
924,Rahul Nair,rahul.nair568@gmail.com,Ranchi,Jharkhand,India,2020-01-27,New
925,Nikhil Naidu,nikhil.naidu110@outlook.com,Bhubaneswar,Odisha,India,2021-06-15,Regular
926,Aditya Sharma,aditya.sharma198@gmail.com,Visakhapatnam,Andhra Pradesh,India,2020-05-03,Regular
927,Vikram Yadav,vikram.yadav554@outlook.com,Indore,Madhya Pradesh,India,2024-06-02,VIP
928,Rohan Rao,rohan.rao58@outlook.com,Delhi,Delhi,India,2021-04-10,New
929,Ishita Tiwari,ishita.tiwari963@yahoo.com,Pune,Maharashtra,India,2024-03-09,New
930,Divya Agarwal,divya.agarwal670@gmail.com,Guwahati,Assam,India,2019-04-04,New
931,Aditya Mehta,aditya.mehta177@gmail.com,Chennai,Tamil Nadu,India,2021-07-23,Regular
932,Nidhi Das,nidhi.das838@gmail.com,Guwahati,Assam,India,2023-06-25,Regular
933,Vikram Yadav,vikram.yadav208@hotmail.com,Noida,Uttar Pradesh,India,2022-10-21,Regular
934,Meera Desai,meera.desai590@yahoo.com,Ahmedabad,Gujarat,India,2023-04-15,New
935,Kavya Rao,kavya.rao65@gmail.com,Gurugram,Haryana,India,2021-04-30,New
936,Shreya Chopra,shreya.chopra169@hotmail.com,Visakhapatnam,Andhra Pradesh,India,2019-03-25,New
937,Sakshi Gupta,sakshi.gupta797@yahoo.com,Patna,Bihar,India,2019-06-15,New
938,Kavya Ghosh,kavya.ghosh92@outlook.com,Gurugram,Haryana,India,2021-09-01,Regular
939,Pooja Singh,pooja.singh656@outlook.com,Surat,Gujarat,India,2020-05-04,VIP
940,Sakshi Kapoor,sakshi.kapoor39@yahoo.com,Guwahati,Assam,India,2024-04-30,New
941,Deepika Menon,deepika.menon429@gmail.com,Ahmedabad,Gujarat,India,2019-08-29,VIP
942,Karan Bansal,karan.bansal371@yahoo.com,Bhubaneswar,Odisha,India,2022-09-12,New
943,Sneha Patel,sneha.patel116@yahoo.com,Patna,Bihar,India,2021-10-15,New
944,Rohan Sharma,rohan.sharma661@outlook.com,Surat,Gujarat,India,2020-05-29,New
945,Swati Sharma,swati.sharma107@gmail.com,Hyderabad,Telangana,India,2019-11-20,Regular
946,Tanvi Khan,tanvi.khan119@gmail.com,Noida,Uttar Pradesh,India,2021-06-29,Regular
947,Sanjay Verma,sanjay.verma204@outlook.com,Chennai,Tamil Nadu,India,2020-10-29,New
948,Neha Saxena,neha.saxena423@yahoo.com,Pune,Maharashtra,India,2019-05-31,Regular
949,Tanvi Sharma,tanvi.sharma912@hotmail.com,Guwahati,Assam,India,2021-07-20,New
950,Shreya Singh,shreya.singh469@yahoo.com,Jaipur,Rajasthan,India,2020-02-19,New
951,Rohan Kapoor,rohan.kapoor583@gmail.com,Chennai,Tamil Nadu,India,2023-10-11,Regular
952,Gaurav Nair,gaurav.nair779@outlook.com,Lucknow,Uttar Pradesh,India,2022-05-21,New
953,Sakshi Naidu,sakshi.naidu175@yahoo.com,Chandigarh,Punjab,India,2021-09-28,VIP
954,Pooja Malhotra,pooja.malhotra485@hotmail.com,Noida,Uttar Pradesh,India,2021-05-26,Regular
955,Neha Joshi,neha.joshi336@hotmail.com,Visakhapatnam,Andhra Pradesh,India,2024-04-21,New
956,Abhishek Naidu,abhishek.naidu6@hotmail.com,Delhi,Delhi,India,2021-08-21,Regular
957,Mohit Sharma,mohit.sharma436@hotmail.com,Dehradun,Uttarakhand,India,2023-08-10,New
958,Tanvi Joshi,tanvi.joshi86@gmail.com,Surat,Gujarat,India,2024-04-29,New
959,Vivek Reddy,vivek.reddy245@gmail.com,Ranchi,Jharkhand,India,2020-09-16,New
960,Swati Bhatt,swati.bhatt585@gmail.com,Indore,Madhya Pradesh,India,2023-04-30,New
961,Pallavi Nair,pallavi.nair809@outlook.com,Dehradun,Uttarakhand,India,2022-07-21,New
962,Vikram Gupta,vikram.gupta915@outlook.com,Lucknow,Uttar Pradesh,India,2021-05-22,Regular
963,Sakshi Chopra,sakshi.chopra590@yahoo.com,Kolkata,West Bengal,India,2022-06-24,VIP
964,Sneha Khan,sneha.khan969@outlook.com,Chennai,Tamil Nadu,India,2021-02-23,Regular
965,Sakshi Sharma,sakshi.sharma375@outlook.com,Coimbatore,Tamil Nadu,India,2022-12-14,New
966,Pooja Singh,pooja.singh343@yahoo.com,Bhubaneswar,Odisha,India,2021-09-06,Regular
967,Nidhi Bhatt,nidhi.bhatt983@yahoo.com,Gurugram,Haryana,India,2020-04-06,New
968,Sunita Khan,sunita.khan697@hotmail.com,Kolkata,West Bengal,India,2021-02-02,New
969,Tanvi Khan,tanvi.khan540@gmail.com,Coimbatore,Tamil Nadu,India,2022-10-21,VIP
970,Amit Tiwari,amit.tiwari636@outlook.com,Dehradun,Uttarakhand,India,2023-07-15,VIP
971,Vikram Patel,vikram.patel914@hotmail.com,Nagpur,Maharashtra,India,2024-01-13,New
972,Vikram Iyer,vikram.iyer169@outlook.com,Bangalore,Karnataka,India,2021-10-13,New
973,Pooja Khan,pooja.khan975@gmail.com,Ranchi,Jharkhand,India,2022-01-13,VIP
974,Harsh Menon,harsh.menon431@hotmail.com,Mumbai,Maharashtra,India,2020-08-20,New
975,Priya Bhatt,priya.bhatt822@yahoo.com,Chandigarh,Punjab,India,2022-08-13,New
976,Nidhi Rao,nidhi.rao672@outlook.com,Ranchi,Jharkhand,India,2022-11-28,Regular
977,Komal Tiwari,komal.tiwari469@outlook.com,Lucknow,Uttar Pradesh,India,2019-12-18,Regular
978,Manish Agarwal,manish.agarwal381@outlook.com,Delhi,Delhi,India,2019-10-31,Regular
979,Swati Nair,swati.nair634@yahoo.com,Lucknow,Uttar Pradesh,India,2020-01-09,VIP
980,Divya Nair,divya.nair244@gmail.com,Kochi,Kerala,India,2022-03-22,New
981,Ravi Menon,ravi.menon189@yahoo.com,Delhi,Delhi,India,2022-09-25,New
982,Vivek Singh,vivek.singh382@hotmail.com,Hyderabad,Telangana,India,2021-12-28,New
983,Priya Gupta,priya.gupta954@hotmail.com,Indore,Madhya Pradesh,India,2024-03-15,New
984,Arjun Saxena,arjun.saxena560@outlook.com,Lucknow,Uttar Pradesh,India,2021-08-28,VIP
985,Abhishek Desai,abhishek.desai151@hotmail.com,Chennai,Tamil Nadu,India,2023-02-07,Regular
986,Rohan Singh,rohan.singh695@gmail.com,Nagpur,Maharashtra,India,2022-06-18,VIP
987,Sandeep Menon,sandeep.menon95@outlook.com,Bhubaneswar,Odisha,India,2020-02-04,Regular
988,Manish Yadav,manish.yadav959@outlook.com,Kolkata,West Bengal,India,2022-01-07,VIP
989,Ananya Khan,ananya.khan404@yahoo.com,Guwahati,Assam,India,2022-05-24,Regular
990,Sneha Ghosh,sneha.ghosh683@outlook.com,Dehradun,Uttarakhand,India,2023-10-15,Regular
991,Nikhil Menon,nikhil.menon13@outlook.com,Lucknow,Uttar Pradesh,India,2024-06-24,Regular
992,Komal Das,komal.das221@hotmail.com,Surat,Gujarat,India,2023-07-04,Regular
993,Suresh Yadav,suresh.yadav746@hotmail.com,Surat,Gujarat,India,2019-10-13,VIP
994,Rajesh Das,rajesh.das148@yahoo.com,Chandigarh,Punjab,India,2020-11-17,New
995,Nidhi Mishra,shreya.nair621@gmail.com,Jaipur,Rajasthan,India,2021-04-28,New
996,Swati Kapoor,swati.kapoor582@yahoo.com,Nagpur,Maharashtra,India,2020-08-15,Regular
997,Rohan Chauhan,rohan.chauhan847@outlook.com,Lucknow,Uttar Pradesh,India,2021-10-08,Regular
998,Swati Joshi,swati.joshi28@gmail.com,Lucknow,Uttar Pradesh,India,2024-05-11,Regular
999,Harsh Iyer,harsh.iyer670@outlook.com,Patna,Bihar,India,2024-02-01,Regular
1000,Neha Mehta,neha.mehta123@outlook.com,Kolkata,West Bengal,India,2022-05-11,Regular
